# PD2 runewords from pd2data.mpq, extracted 2026-10-08 by tools/pd2_data.py --extract. One line per runeword
# and kind of base (the runes give weapons, armor and shields their own stats). Properties and rune stats
# as [[code, low, high], ...] per line; +% damage is EDAM, +% defense EDEF; addable = stats a white base
# can bring itself (superior, automagic, staffmods: SK* = any single skill); perlevel = per-level stats as
# {code: [the stat it adds to, divisor]} (STAT220 4-6 / 8 = 0.5-0.75 Strength per level); bases = [code,
# name, tier] of the white bases it fits.
kind	name	index	base	sockets	runes	slots	types	addable	props	texts	runestats	runetexts	perlevel	bases
RW	Ancients' Pledge	Runeword1	shield	3	Ral Ort Tal	SHIELD	Any Shield	["AR","CRES","EDAM","EDEF","FRES","LRES","PRES","RES","SK*","STAT35","STAT57","STAT58","STAT59","STAT78"]	[[["CRES",30,30]],[["RES",13,13],["FRES",13,13],["LRES",13,13],["CRES",13,13],["PRES",13,13]],[["EDEF",50,50]],[["DTM",10,10]]]	["Cold Resist +30%","All Resistances +13","+50% Enhanced Defense","10% Damage Taken Gained as Mana when Hit"]	[[["FRES",35,35]],[["LRES",35,35]],[["PRES",35,35]]]	["Ral: Fire Resist +35%","Ort: Lightning Resist +35%","Tal: Poison Resist +35%"]	{}	[["gts","Gothic Shield","normal"],["kit","Kite Shield","normal"],["lrg","Large Shield","normal"],["ne6","Mummified Trophy","exceptional"],["ne7","Fetish Trophy","exceptional"],["ne8","Sexton Trophy","exceptional"],["ne9","Cantor Trophy","exceptional"],["nea","Hierophant Trophy","exceptional"],["neb","Minion Skull","elite"],["ned","Overseer Skull","elite"],["nee","Succubus Skull","elite"],["nef","Bloodlord Skull","elite"],["neg","Hellspawn Skull","elite"],["pa1","Targe","normal"],["pa2","Rondache","normal"],["pa3","Heraldic Shield","normal"],["pa4","Aerin Shield","normal"],["pa5","Crown Shield","normal"],["pa6","Akaran Targe","exceptional"],["pa7","Akaran Rondache","exceptional"],["pa8","Protector Shield","exceptional"],["pa9","Gilded Shield","exceptional"],["paa","Royal Shield","exceptional"],["pab","Sacred Targe","elite"],["pac","Sacred Rondache","elite"],["pad","Kurast Shield","elite"],["pae","Zakarum Shield","elite"],["paf","Vortex Shield","elite"],["spk","Spiked Shield","normal"],["tow","Tower Shield","normal"],["uit","Monarch","elite"],["uow","Aegis","elite"],["upk","Blade Barrier","elite"],["urg","Hyperion","elite"],["ush","Troll Nest","elite"],["uts","Ward","elite"],["xit","Dragon Shield","exceptional"],["xow","Pavise","exceptional"],["xpk","Barbed Shield","exceptional"],["xrg","Scutum","exceptional"],["xsh","Grim Shield","exceptional"],["xts","Ancient Shield","exceptional"]]
RW	Black	Runeword6	weapon	3	Thul Io Nef	WEAPON	Club, Hammer, Mace, Hand to Hand	["EDAM","SK*","STAT119"]	[[["STAT136",40,40]],[["EDAM",100,100]],[["IAS",15,15]],[["STAT35",2,2]],[["AR",200,200]],[["MULTI204,4740",1,1]],[["STAT111",20,30]]]	["+40% Chance of Crushing Blow","+100% Enhanced Damage","+15% Increased Attack Speed","Magic Damage Taken Reduced by 2","+200 to Attack Rating","Level 4 Corpse Explosion (12/12 Charges)","Damage +[20-30]"]	[[["STAT55",14,14],["STAT54",3,3]],[["STAT3",10,10]],[["STAT81",1,1]]]	["Thul: Adds 3-14 Cold Damage","Io: +10 to Vitality","Nef: Knockback"]	{}	[["7ar","Suwayyah","elite"],["7cl","Truncheon","elite"],["7cs","Battle Cestus","elite"],["7fl","Scourge","elite"],["7gm","Thunder Maul","elite"],["7lw","Feral Claws","elite"],["7m7","Ogre Maul","elite"],["7ma","Reinforced Mace","elite"],["7mt","Devil Star","elite"],["7qr","Scissors Suwayyah","elite"],["7sp","Tyrant Club","elite"],["7tw","Runic Talons","elite"],["7wb","Wrist Sword","elite"],["7wh","Legendary Mallet","elite"],["7xf","War Fist","elite"],["9ar","Quhab","exceptional"],["9cl","Cudgel","exceptional"],["9cs","Hand Scythe","exceptional"],["9fl","Knout","exceptional"],["9gm","Martel de Fer","exceptional"],["9lw","Greater Claws","exceptional"],["9m9","War Club","exceptional"],["9ma","Flanged Mace","exceptional"],["9mt","Jagged Star","exceptional"],["9qr","Scissors Quhab","exceptional"],["9sp","Barbed Club","exceptional"],["9tw","Greater Talons","exceptional"],["9wb","Wrist Spike","exceptional"],["9wh","Battle Hammer","exceptional"],["9xf","Fascia","exceptional"],["btl","Blade Talons","normal"],["clw","Claws","normal"],["fla","Flail","normal"],["gma","Great Maul","normal"],["hfh","Hell Forge Hammer","normal"],["leg","Wirt's Leg","normal"],["mau","Maul","normal"],["mst","Morning Star","normal"],["qf1","Khalim's Flail","normal"],["qf2","Khalim's Will","normal"],["skr","Scissors Katar","normal"],["whm","War Hammer","normal"]]
RW	Fury	Runeword44	weapon	3	Jah Gul Eth	WEAPON	Melee Weapon, Javelin, Throwing Axe, Thrown Weapon	["EDAM","FCR","SK*","STAT119","STAT141","STAT57","STAT58","STAT59","TABSK2"]	[[["EDAM",239,299]],[["IAS",40,40]],[["STAT152",1,1]],[["SK368",5,5]],[["STAT60",6,6]],[["STAT141",50,50]],[["SK147",5,5]]]	["+[239-299]% Enhanced Damage","+40% Increased Attack Speed","Indestructible","+5 to Deep Wounds (Barbarian Only)","6% Life stolen per hit","+50% Chance of Deadly Strike","+5 to Frenzy (Barbarian Only)"]	[[["STAT115",1,1]],[["STAT119",50,50]],[["STAT116",25,25]]]	["Jah: Ignore Target's Defense","Gul: 50% Bonus to Attack Rating","Eth: -25% Target Defense"]	{}	[["2ax","Double Axe","normal"],["2hs","Two-Handed Sword","normal"],["6bs","Shillelagh","elite"],["6cs","Elder Staff","elite"],["6ls","Stalagmite","elite"],["6ss","Walking Stick","elite"],["6ws","Archon Staff","elite"],["72a","Ettin Axe","elite"],["72h","Legend Sword","elite"],["7ar","Suwayyah","elite"],["7ax","Small Crescent","elite"],["7b7","Champion Sword","elite"],["7b8","Winged Axe","elite"],["7ba","Silver-edged Axe","elite"],["7br","Mancatcher","elite"],["7bs","Conquest Sword","elite"],["7bt","Decapitator","elite"],["7cl","Truncheon","elite"],["7cm","Highland Blade","elite"],["7cr","Phase Blade","elite"],["7cr2","Phase Blade","elite"],["7cs","Battle Cestus","elite"],["7fb","Colossus Sword","elite"],["7fc","Hydra Edge","elite"],["7fl","Scourge","elite"],["7ga","Champion Axe","elite"],["7gd","Colossus Blade","elite"],["7gi","Glorious Axe","elite"],["7gl","Ghost Glaive","elite"],["7gm","Thunder Maul","elite"],["7gs","Balrog Blade","elite"],["7h7","Great Poleaxe","elite"],["7ha","Tomahawk","elite"],["7kr","Fanged Knife","elite"],["7la","Feral Axe","elite"],["7ls","Cryptic Sword","elite"],["7lw","Feral Claws","elite"],["7m7","Ogre Maul","elite"],["7ma","Reinforced Mace","elite"],["7mp","War Spike","elite"],["7mt","Devil Star","elite"],["7o7","Ogre Axe","elite"],["7p7","War Pike","elite"],["7pa","Cryptic Axe","elite"],["7qr","Scissors Suwayyah","elite"],["7qs","Seraph Rod","elite"],["7s8","Thresher","elite"],["7sb","Elegant Blade","elite"],["7sc","Mighty Scepter","elite"],["7sm","Ataghan","elite"],["7sp","Tyrant Club","elite"],["7sr","Hyperion Spear","elite"],["7ss","Falcata","elite"],["7st","Ghost Spear","elite"],["7tr","Stygian Pike","elite"],["7ts","Winged Harpoon","elite"],["7tw","Runic Talons","elite"],["7vo","Colossus Voulge","elite"],["7wa","Berserker Axe","elite"],["7wb","Wrist Sword","elite"],["7wc","Giant Thresher","elite"],["7wd","Mythical Sword","elite"],["7wh","Legendary Mallet","elite"],["7ws","Caduceus","elite"],["7xf","War Fist","elite"],["8bs","Gothic Staff","exceptional"],["8cs","Cedar Staff","exceptional"],["8ls","Quarterstaff","exceptional"],["8ss","Jo Staff","exceptional"],["8ws","Rune Staff","exceptional"],["92a","Twin Axe","exceptional"],["92h","Espandon","exceptional"],["9ar","Quhab","exceptional"],["9ax","Cleaver","exceptional"],["9b7","Lochaber Axe","exceptional"],["9b8","Hurlbat","exceptional"],["9b9","Gothic Sword","exceptional"],["9ba","Bearded Axe","exceptional"],["9br","War Fork","exceptional"],["9bs","Battle Sword","exceptional"],["9bt","Tabar","exceptional"],["9cl","Cudgel","exceptional"],["9cm","Dacian Falx","exceptional"],["9cr","Dimensional Blade","exceptional"],["9cs","Hand Scythe","exceptional"],["9fb","Zweihander","exceptional"],["9fc","Tulwar","exceptional"],["9fl","Knout","exceptional"],["9ga","Gothic Axe","exceptional"],["9gd","Executioner Sword","exceptional"],["9gi","Ancient Axe","exceptional"],["9gl","Spiculum","exceptional"],["9gm","Martel de Fer","exceptional"],["9gs","Tusk Sword","exceptional"],["9h9","Bec-de-Corbin","exceptional"],["9ha","Hatchet","exceptional"],["9kr","Cinquedeas","exceptional"],["9la","Military Axe","exceptional"],["9ls","Rune Sword","exceptional"],["9lw","Greater Claws","exceptional"],["9m9","War Club","exceptional"],["9ma","Flanged Mace","exceptional"],["9mp","Crowbill","exceptional"],["9mt","Jagged Star","exceptional"],["9p9","Lance","exceptional"],["9pa","Partizan","exceptional"],["9qr","Scissors Quhab","exceptional"],["9qs","Holy Water Sprinkler","exceptional"],["9s8","Battle Scythe","exceptional"],["9sb","Shamshir","exceptional"],["9sc","Rune Scepter","exceptional"],["9sm","Cutlass","exceptional"],["9sp","Barbed Club","exceptional"],["9sr","War Spear","exceptional"],["9ss","Gladius","exceptional"],["9st","Yari","exceptional"],["9tr","Fuscina","exceptional"],["9ts","Harpoon","exceptional"],["9tw","Greater Talons","exceptional"],["9vo","Bill","exceptional"],["9wa","Naga","exceptional"],["9wb","Wrist Spike","exceptional"],["9wc","Grim Scythe","exceptional"],["9wd","Ancient Sword","exceptional"],["9wh","Battle Hammer","exceptional"],["9ws","Divine Scepter","exceptional"],["9xf","Fascia","exceptional"],["am3","Maiden Spear","normal"],["am4","Maiden Pike","normal"],["am8","Ceremonial Spear","exceptional"],["am9","Ceremonial Pike","exceptional"],["amd","Matriarchal Spear","elite"],["ame","Matriarchal Pike","elite"],["axe","Axe","normal"],["bal","Balanced Axe","normal"],["bar","Bardiche","normal"],["bax","Broad Axe","normal"],["brn","Brandistock","normal"],["bsd","Broad Sword","normal"],["bst","Battle Staff","normal"],["bsw","Bastard Sword","normal"],["btl","Blade Talons","normal"],["btx","Battle Axe","normal"],["clm","Claymore","normal"],["clw","Claws","normal"],["crs","Crystal Sword","normal"],["cst","Gnarled Staff","normal"],["fla","Flail","normal"],["flb","Flamberge","normal"],["gax","Great Axe","normal"],["gis","Giant Sword","normal"],["gix","Giant Axe","normal"],["glv","Glaive","normal"],["gma","Great Maul","normal"],["gsc","Grand Scepter","normal"],["gsd","Great Sword","normal"],["hal","Halberd","normal"],["hfh","Hell Forge Hammer","normal"],["hst","Horadric Staff","normal"],["kri","Kris","normal"],["lax","Large Axe","normal"],["leg","Wirt's Leg","normal"],["lsd","Long Sword","normal"],["lst","Long Staff","normal"],["mau","Maul","normal"],["mpi","Military Pick","normal"],["msf","Shaft of the Horadric Staff","normal"],["mst","Morning Star","normal"],["pax","Poleaxe","normal"],["pik","Pike","normal"],["qf1","Khalim's Flail","normal"],["qf2","Khalim's Will","normal"],["scy","Scythe","normal"],["skr","Scissors Katar","normal"],["spr","Spear","normal"],["spt","Spetum","normal"],["tri","Trident","normal"],["tsp","Throwing Spear","normal"],["vou","Voulge","normal"],["wax","War Axe","normal"],["whm","War Hammer","normal"],["wsc","War Scythe","normal"],["wsd","War Sword","normal"],["wsp","War Scepter","normal"],["wst","War Staff","normal"]]
RW	Holy Thunder	Runeword54	weapon	4	Eth Ral Ort Tal	WEAPON	Scepter	["EDAM","SK*","STAT119"]	[[["EDAM",60,60]],[["STAT51",60,60],["STAT50",20,20]],[["MAXDMG",10,10]],[["LRES",60,60]],[["STAT42",5,5]],[["SK118",3,3]],[["MULTI204,3399",1,1]]]	["+60% Enhanced Damage","Adds 20-60 Lightning Damage","+10 to Maximum Damage","Lightning Resist +60%","+5% to Maximum Lightning Resist","+3 to Holy Shock (Paladin Only)","Level 7 Chain Lightning (60/60 Charges)"]	[[["STAT116",25,25]],[["STAT49",30,30],["STAT48",5,5]],[["STAT51",50,50],["STAT50",1,1]],[["STAT58",154,154],["STAT57",154,154]]]	["Eth: -25% Target Defense","Ral: Adds 5-30 Fire Damage","Ort: Adds 1-50 Lightning Damage","Tal: +75 Poison Damage over 5 Seconds"]	{}	[["7ws","Caduceus","elite"],["9ws","Divine Scepter","exceptional"],["wsp","War Scepter","normal"]]
RW	Honor	Runeword55	weapon	5	Amn El Ith Tir Sol	WEAPON	Melee Weapon	["EDAM","FCR","SK*","STAT119","TABSK2"]	[[["EDAM",160,200]],[["STAT74",10,10]],[["ALLSK",1,1]],[["AR",200,200]],[["STAT141",25,25]],[["STR",10,10]]]	["+[160-200]% Enhanced Damage","Replenish Life +10","+1 to All Skills","+200 to Attack Rating","+25% Chance of Deadly Strike","+10 to Strength"]	[[["STAT60",7,7]],[["STAT89",1,1]],[["AR",50,50]],[["MAXDMG",9,9]],[["STAT138",2,2]],[["MINDMG",9,9]]]	["Amn: 7% Life stolen per hit","El: +1 to Light Radius","El: +50 to Attack Rating","Ith: +9 to Maximum Damage","Tir: +2 to Mana after each Kill","Sol: +9 to Minimum Damage"]	{}	[["2ax","Double Axe","normal"],["6ws","Archon Staff","elite"],["72a","Ettin Axe","elite"],["7ba","Silver-edged Axe","elite"],["7br","Mancatcher","elite"],["7bt","Decapitator","elite"],["7cr","Phase Blade","elite"],["7cr2","Phase Blade","elite"],["7fb","Colossus Sword","elite"],["7fl","Scourge","elite"],["7ga","Champion Axe","elite"],["7gd","Colossus Blade","elite"],["7gi","Glorious Axe","elite"],["7gm","Thunder Maul","elite"],["7h7","Great Poleaxe","elite"],["7la","Feral Axe","elite"],["7ls","Cryptic Sword","elite"],["7m7","Ogre Maul","elite"],["7mp","War Spike","elite"],["7p7","War Pike","elite"],["7pa","Cryptic Axe","elite"],["7s8","Thresher","elite"],["7sr","Hyperion Spear","elite"],["7st","Ghost Spear","elite"],["7wa","Berserker Axe","elite"],["7wc","Giant Thresher","elite"],["7ws","Caduceus","elite"],["8ws","Rune Staff","exceptional"],["92a","Twin Axe","exceptional"],["9ba","Bearded Axe","exceptional"],["9br","War Fork","exceptional"],["9bt","Tabar","exceptional"],["9cr","Dimensional Blade","exceptional"],["9fb","Zweihander","exceptional"],["9fl","Knout","exceptional"],["9ga","Gothic Axe","exceptional"],["9gd","Executioner Sword","exceptional"],["9gi","Ancient Axe","exceptional"],["9gm","Martel de Fer","exceptional"],["9h9","Bec-de-Corbin","exceptional"],["9la","Military Axe","exceptional"],["9ls","Rune Sword","exceptional"],["9m9","War Club","exceptional"],["9mp","Crowbill","exceptional"],["9p9","Lance","exceptional"],["9pa","Partizan","exceptional"],["9s8","Battle Scythe","exceptional"],["9st","Yari","exceptional"],["9wa","Naga","exceptional"],["9wc","Grim Scythe","exceptional"],["9ws","Divine Scepter","exceptional"],["am3","Maiden Spear","normal"],["am4","Maiden Pike","normal"],["am8","Ceremonial Spear","exceptional"],["am9","Ceremonial Pike","exceptional"],["amd","Matriarchal Spear","elite"],["ame","Matriarchal Pike","elite"],["bax","Broad Axe","normal"],["brn","Brandistock","normal"],["btx","Battle Axe","normal"],["crs","Crystal Sword","normal"],["fla","Flail","normal"],["flb","Flamberge","normal"],["gax","Great Axe","normal"],["gix","Giant Axe","normal"],["gma","Great Maul","normal"],["gsd","Great Sword","normal"],["hal","Halberd","normal"],["hfh","Hell Forge Hammer","normal"],["mau","Maul","normal"],["mpi","Military Pick","normal"],["pax","Poleaxe","normal"],["pik","Pike","normal"],["scy","Scythe","normal"],["spt","Spetum","normal"],["wax","War Axe","normal"],["wsc","War Scythe","normal"],["wsp","War Scepter","normal"],["wst","War Staff","normal"]]
RW	King's Grace	Runeword65	weapon	3	Amn Ral Thul	WEAPON	Sword, Scepter, Hand to Hand, Javelin, Throwing Axe, Thrown Weapon	["EDAM","SK*","STAT119"]	[[["EDAM",100,100]],[["AR",150,150]],[["STAT121",100,100]],[["STAT122",50,50]],[["STAT123",100,100]],[["STAT124",100,100]],[["STAT49",50,50],["STAT48",45,45]]]	["+100% Enhanced Damage","+150 to Attack Rating","+100% Damage to Demons","+50% Damage to Undead","+100 to Attack Rating against Demons","+100 to Attack Rating against Undead","Adds 45-50 Fire Damage"]	[[["STAT60",7,7]],[["STAT49",30,30],["STAT48",5,5]],[["STAT55",14,14],["STAT54",3,3]]]	["Amn: 7% Life stolen per hit","Ral: Adds 5-30 Fire Damage","Thul: Adds 3-14 Cold Damage"]	{}	[["2hs","Two-Handed Sword","normal"],["72h","Legend Sword","elite"],["7ar","Suwayyah","elite"],["7b7","Champion Sword","elite"],["7b8","Winged Axe","elite"],["7bs","Conquest Sword","elite"],["7cm","Highland Blade","elite"],["7cr","Phase Blade","elite"],["7cr2","Phase Blade","elite"],["7cs","Battle Cestus","elite"],["7fb","Colossus Sword","elite"],["7fc","Hydra Edge","elite"],["7gd","Colossus Blade","elite"],["7gl","Ghost Glaive","elite"],["7gs","Balrog Blade","elite"],["7ls","Cryptic Sword","elite"],["7lw","Feral Claws","elite"],["7qr","Scissors Suwayyah","elite"],["7qs","Seraph Rod","elite"],["7sb","Elegant Blade","elite"],["7sc","Mighty Scepter","elite"],["7sm","Ataghan","elite"],["7ss","Falcata","elite"],["7ts","Winged Harpoon","elite"],["7tw","Runic Talons","elite"],["7wb","Wrist Sword","elite"],["7wd","Mythical Sword","elite"],["7ws","Caduceus","elite"],["7xf","War Fist","elite"],["92h","Espandon","exceptional"],["9ar","Quhab","exceptional"],["9b8","Hurlbat","exceptional"],["9b9","Gothic Sword","exceptional"],["9bs","Battle Sword","exceptional"],["9cm","Dacian Falx","exceptional"],["9cr","Dimensional Blade","exceptional"],["9cs","Hand Scythe","exceptional"],["9fb","Zweihander","exceptional"],["9fc","Tulwar","exceptional"],["9gd","Executioner Sword","exceptional"],["9gl","Spiculum","exceptional"],["9gs","Tusk Sword","exceptional"],["9ls","Rune Sword","exceptional"],["9lw","Greater Claws","exceptional"],["9qr","Scissors Quhab","exceptional"],["9qs","Holy Water Sprinkler","exceptional"],["9sb","Shamshir","exceptional"],["9sc","Rune Scepter","exceptional"],["9sm","Cutlass","exceptional"],["9ss","Gladius","exceptional"],["9ts","Harpoon","exceptional"],["9tw","Greater Talons","exceptional"],["9wb","Wrist Spike","exceptional"],["9wd","Ancient Sword","exceptional"],["9ws","Divine Scepter","exceptional"],["9xf","Fascia","exceptional"],["bal","Balanced Axe","normal"],["bsd","Broad Sword","normal"],["bsw","Bastard Sword","normal"],["btl","Blade Talons","normal"],["clm","Claymore","normal"],["clw","Claws","normal"],["crs","Crystal Sword","normal"],["flb","Flamberge","normal"],["gis","Giant Sword","normal"],["glv","Glaive","normal"],["gsc","Grand Scepter","normal"],["gsd","Great Sword","normal"],["lsd","Long Sword","normal"],["skr","Scissors Katar","normal"],["tsp","Throwing Spear","normal"],["wsd","War Sword","normal"],["wsp","War Scepter","normal"]]
RW	Leaf	Runeword72	weapon	2	Tir Ral	WEAPON	Staff	["EDAM","FCR","SK*","STAT119"]	[[["MULTI126,1",3,3],["STAT363",3,3]],[["STAT214",16,16]],[["CRES",33,33]],[["SK41",1,2]],[["SK36",3,3]],[["SK37",3,3]]]	["fireskill 3","+2 Defense (Based on Character Level)","Cold Resist +33%","+[1-2] to Inferno (Sorceress Only)","+3 to Fire Bolt (Sorceress Only)","+3 to Warmth (Sorceress Only)"]	[[["STAT138",2,2]],[["STAT49",30,30],["STAT48",5,5]]]	["Tir: +2 to Mana after each Kill","Ral: Adds 5-30 Fire Damage"]	{"STAT214":["DEF",8]}	[["6bs","Shillelagh","elite"],["6cs","Elder Staff","elite"],["6ls","Stalagmite","elite"],["6ss","Walking Stick","elite"],["6ws","Archon Staff","elite"],["8bs","Gothic Staff","exceptional"],["8cs","Cedar Staff","exceptional"],["8ls","Quarterstaff","exceptional"],["8ss","Jo Staff","exceptional"],["8ws","Rune Staff","exceptional"],["bst","Battle Staff","normal"],["cst","Gnarled Staff","normal"],["hst","Horadric Staff","normal"],["lst","Long Staff","normal"],["msf","Shaft of the Horadric Staff","normal"],["sst","Short Staff","normal"],["wst","War Staff","normal"]]
RW	Lionheart	Runeword74	armor	3	Hel Lum Fal	CHEST	Armor	["EDEF"]	[[["STR",0,15]],[["STAT3",10,20]],[["DEX",10,15]],[["EDAM",80,110]],[["LIFE",50,50]],[["RES",20,30],["FRES",20,30],["LRES",20,30],["CRES",20,30],["PRES",20,30]]]	["+[0-15] to Strength","+[10-20] to Vitality","+[10-15] to Dexterity","+[80-110]% Enhanced Damage","+50 to Life","All Resistances +[20-30]"]	[[["STAT91",-15,-15]],[["STAT1",10,10]],[["STR",10,10]]]	["Hel: Requirements -15%","Lum: +10 to Energy","Fal: +10 to Strength"]	{}	[["aar","Ancient Armor","normal"],["brs","Breast Plate","normal"],["ful","Full Plate Mail","normal"],["gth","Gothic Plate","normal"],["ltp","Light Plate","normal"],["rng","Ring Mail","normal"],["uar","Sacred Armor","elite"],["ucl","Loricated Mail","elite"],["uea","Wyrmhide","elite"],["uhn","Boneweave","elite"],["ula","Scarab Husk","elite"],["uld","Kraken Shell","elite"],["ult","Hellforge Plate","elite"],["ung","Diamond Mail","elite"],["upl","Balrog Skin","elite"],["urs","Great Hauberk","elite"],["uth","Lacquered Plate","elite"],["utp","Archon Plate","elite"],["utu","Wire Fleece","elite"],["uui","Dusk Shroud","elite"],["uul","Shadow Plate","elite"],["xar","Ornate Plate","exceptional"],["xcl","Tigulated Mail","exceptional"],["xhn","Mesh Armor","exceptional"],["xld","Sharktooth Armor","exceptional"],["xlt","Templar Coat","exceptional"],["xng","Linked Mail","exceptional"],["xpl","Russet Armor","exceptional"],["xrs","Cuirass","exceptional"],["xth","Embossed Plate","exceptional"],["xtp","Mage Plate","exceptional"],["xul","Chaos Armor","exceptional"]]
RW	Lore	Runeword75	armor	2	Ort Sol	CIRC,HELM	Helm	["EDEF","SK*"]	[[["STAT1",5,10]],[["ALLSK",1,1]],[["STAT89",2,2]],[["STAT138",1,2]]]	["+[5-10] to Energy","+1 to All Skills","+2 to Light Radius","+[1-2] to Mana after each Kill"]	[[["LRES",30,30]],[["STAT34",7,7]]]	["Ort: Lightning Resist +30%","Sol: Physical Damage Taken Reduced by 7"]	{}	[["ba1","Jawbone Cap","normal"],["ba2","Fanged Helm","normal"],["ba3","Horned Helm","normal"],["ba4","Assault Helmet","normal"],["ba5","Avenger Guard","normal"],["ba6","Jawbone Visor","exceptional"],["ba7","Lion Helm","exceptional"],["ba8","Rage Mask","exceptional"],["ba9","Savage Helmet","exceptional"],["baa","Slayer Guard","exceptional"],["bab","Carnage Helm","elite"],["bac","Fury Visor","elite"],["bad","Destroyer Helm","elite"],["bae","Conqueror Crown","elite"],["baf","Guardian Crown","elite"],["bhm","Bone Helm","normal"],["cap","Cap","normal"],["ci0","Circlet","normal"],["ci1","Coronet","normal"],["ci2","Tiara","exceptional"],["ci3","Diadem","elite"],["crn","Crown","normal"],["dr1","Wolf Head","normal"],["dr2","Hawk Helm","normal"],["dr3","Antlers","normal"],["dr4","Falcon Mask","normal"],["dr5","Spirit Mask","normal"],["dr6","Alpha Helm","exceptional"],["dr7","Griffon Headdress","exceptional"],["dr8","Hunter's Guise","exceptional"],["dr9","Sacred Feathers","exceptional"],["dra","Totemic Mask","exceptional"],["drb","Blood Spirit","elite"],["drc","Sun Spirit","elite"],["drd","Earth Spirit","elite"],["dre","Sky Spirit","elite"],["drf","Dream Spirit","elite"],["fhl","Full Helm","normal"],["ghm","Great Helm","normal"],["hlm","Helm","normal"],["msk","Mask","normal"],["skp","Skull Cap","normal"],["uap","Shako","elite"],["uh9","Bone Visage","elite"],["uhl","Giant Conch","elite"],["uhm","Spired Helm","elite"],["ukp","Hydraskull","elite"],["ulm","Armet","elite"],["urn","Corona","elite"],["usk","Demonhead","elite"],["xap","War Hat","exceptional"],["xh9","Grim Helm","exceptional"],["xhl","Basinet","exceptional"],["xhm","Winged Helm","exceptional"],["xkp","Sallet","exceptional"],["xlm","Casque","exceptional"],["xrn","Grand Crown","exceptional"],["xsk","Death Mask","exceptional"]]
RW	Malice	Runeword81	weapon	3	Ith El Eth	WEAPON	Melee Weapon, Javelin, Throwing Axe, Thrown Weapon	["EDAM","FCR","SK*","STAT119","STAT141","STAT57","STAT58","STAT59","TABSK2"]	[[["STAT135",100,100]],[["STAT120",-100,-100]],[["STAT117",1,1]],[["EDAM",33,33]],[["STAT89",-1,-1]],[["STAT74",-5,-5]],[["STAT501",6,6]]]	["+100% Chance of Open Wounds","-100 to Monster Defense Per Hit","Prevent Monster Heal","+33% Enhanced Damage","-1 to Light Radius","Drain Life -5","+6 Open Wounds Damage Per Second"]	[[["MAXDMG",9,9]],[["STAT89",1,1]],[["AR",50,50]],[["STAT116",25,25]]]	["Ith: +9 to Maximum Damage","El: +1 to Light Radius","El: +50 to Attack Rating","Eth: -25% Target Defense"]	{}	[["2ax","Double Axe","normal"],["2hs","Two-Handed Sword","normal"],["6bs","Shillelagh","elite"],["6cs","Elder Staff","elite"],["6ls","Stalagmite","elite"],["6ss","Walking Stick","elite"],["6ws","Archon Staff","elite"],["72a","Ettin Axe","elite"],["72h","Legend Sword","elite"],["7ar","Suwayyah","elite"],["7ax","Small Crescent","elite"],["7b7","Champion Sword","elite"],["7b8","Winged Axe","elite"],["7ba","Silver-edged Axe","elite"],["7br","Mancatcher","elite"],["7bs","Conquest Sword","elite"],["7bt","Decapitator","elite"],["7cl","Truncheon","elite"],["7cm","Highland Blade","elite"],["7cr","Phase Blade","elite"],["7cr2","Phase Blade","elite"],["7cs","Battle Cestus","elite"],["7fb","Colossus Sword","elite"],["7fc","Hydra Edge","elite"],["7fl","Scourge","elite"],["7ga","Champion Axe","elite"],["7gd","Colossus Blade","elite"],["7gi","Glorious Axe","elite"],["7gl","Ghost Glaive","elite"],["7gm","Thunder Maul","elite"],["7gs","Balrog Blade","elite"],["7h7","Great Poleaxe","elite"],["7ha","Tomahawk","elite"],["7kr","Fanged Knife","elite"],["7la","Feral Axe","elite"],["7ls","Cryptic Sword","elite"],["7lw","Feral Claws","elite"],["7m7","Ogre Maul","elite"],["7ma","Reinforced Mace","elite"],["7mp","War Spike","elite"],["7mt","Devil Star","elite"],["7o7","Ogre Axe","elite"],["7p7","War Pike","elite"],["7pa","Cryptic Axe","elite"],["7qr","Scissors Suwayyah","elite"],["7qs","Seraph Rod","elite"],["7s8","Thresher","elite"],["7sb","Elegant Blade","elite"],["7sc","Mighty Scepter","elite"],["7sm","Ataghan","elite"],["7sp","Tyrant Club","elite"],["7sr","Hyperion Spear","elite"],["7ss","Falcata","elite"],["7st","Ghost Spear","elite"],["7tr","Stygian Pike","elite"],["7ts","Winged Harpoon","elite"],["7tw","Runic Talons","elite"],["7vo","Colossus Voulge","elite"],["7wa","Berserker Axe","elite"],["7wb","Wrist Sword","elite"],["7wc","Giant Thresher","elite"],["7wd","Mythical Sword","elite"],["7wh","Legendary Mallet","elite"],["7ws","Caduceus","elite"],["7xf","War Fist","elite"],["8bs","Gothic Staff","exceptional"],["8cs","Cedar Staff","exceptional"],["8ls","Quarterstaff","exceptional"],["8ss","Jo Staff","exceptional"],["8ws","Rune Staff","exceptional"],["92a","Twin Axe","exceptional"],["92h","Espandon","exceptional"],["9ar","Quhab","exceptional"],["9ax","Cleaver","exceptional"],["9b7","Lochaber Axe","exceptional"],["9b8","Hurlbat","exceptional"],["9b9","Gothic Sword","exceptional"],["9ba","Bearded Axe","exceptional"],["9br","War Fork","exceptional"],["9bs","Battle Sword","exceptional"],["9bt","Tabar","exceptional"],["9cl","Cudgel","exceptional"],["9cm","Dacian Falx","exceptional"],["9cr","Dimensional Blade","exceptional"],["9cs","Hand Scythe","exceptional"],["9fb","Zweihander","exceptional"],["9fc","Tulwar","exceptional"],["9fl","Knout","exceptional"],["9ga","Gothic Axe","exceptional"],["9gd","Executioner Sword","exceptional"],["9gi","Ancient Axe","exceptional"],["9gl","Spiculum","exceptional"],["9gm","Martel de Fer","exceptional"],["9gs","Tusk Sword","exceptional"],["9h9","Bec-de-Corbin","exceptional"],["9ha","Hatchet","exceptional"],["9kr","Cinquedeas","exceptional"],["9la","Military Axe","exceptional"],["9ls","Rune Sword","exceptional"],["9lw","Greater Claws","exceptional"],["9m9","War Club","exceptional"],["9ma","Flanged Mace","exceptional"],["9mp","Crowbill","exceptional"],["9mt","Jagged Star","exceptional"],["9p9","Lance","exceptional"],["9pa","Partizan","exceptional"],["9qr","Scissors Quhab","exceptional"],["9qs","Holy Water Sprinkler","exceptional"],["9s8","Battle Scythe","exceptional"],["9sb","Shamshir","exceptional"],["9sc","Rune Scepter","exceptional"],["9sm","Cutlass","exceptional"],["9sp","Barbed Club","exceptional"],["9sr","War Spear","exceptional"],["9ss","Gladius","exceptional"],["9st","Yari","exceptional"],["9tr","Fuscina","exceptional"],["9ts","Harpoon","exceptional"],["9tw","Greater Talons","exceptional"],["9vo","Bill","exceptional"],["9wa","Naga","exceptional"],["9wb","Wrist Spike","exceptional"],["9wc","Grim Scythe","exceptional"],["9wd","Ancient Sword","exceptional"],["9wh","Battle Hammer","exceptional"],["9ws","Divine Scepter","exceptional"],["9xf","Fascia","exceptional"],["am3","Maiden Spear","normal"],["am4","Maiden Pike","normal"],["am8","Ceremonial Spear","exceptional"],["am9","Ceremonial Pike","exceptional"],["amd","Matriarchal Spear","elite"],["ame","Matriarchal Pike","elite"],["axe","Axe","normal"],["bal","Balanced Axe","normal"],["bar","Bardiche","normal"],["bax","Broad Axe","normal"],["brn","Brandistock","normal"],["bsd","Broad Sword","normal"],["bst","Battle Staff","normal"],["bsw","Bastard Sword","normal"],["btl","Blade Talons","normal"],["btx","Battle Axe","normal"],["clm","Claymore","normal"],["clw","Claws","normal"],["crs","Crystal Sword","normal"],["cst","Gnarled Staff","normal"],["fla","Flail","normal"],["flb","Flamberge","normal"],["gax","Great Axe","normal"],["gis","Giant Sword","normal"],["gix","Giant Axe","normal"],["glv","Glaive","normal"],["gma","Great Maul","normal"],["gsc","Grand Scepter","normal"],["gsd","Great Sword","normal"],["hal","Halberd","normal"],["hfh","Hell Forge Hammer","normal"],["hst","Horadric Staff","normal"],["kri","Kris","normal"],["lax","Large Axe","normal"],["leg","Wirt's Leg","normal"],["lsd","Long Sword","normal"],["lst","Long Staff","normal"],["mau","Maul","normal"],["mpi","Military Pick","normal"],["msf","Shaft of the Horadric Staff","normal"],["mst","Morning Star","normal"],["pax","Poleaxe","normal"],["pik","Pike","normal"],["qf1","Khalim's Flail","normal"],["qf2","Khalim's Will","normal"],["scy","Scythe","normal"],["skr","Scissors Katar","normal"],["spr","Spear","normal"],["spt","Spetum","normal"],["tri","Trident","normal"],["tsp","Throwing Spear","normal"],["vou","Voulge","normal"],["wax","War Axe","normal"],["whm","War Hammer","normal"],["wsc","War Scythe","normal"],["wsd","War Sword","normal"],["wsp","War Scepter","normal"],["wst","War Staff","normal"]]
RW	Melody	Runeword82	weapon	3	Shael Ko Nef	WEAPON	Missile Weapon	["EDAM","STAT119","TABSK0"]	[[["EDAM",100,150]],[["TABSK0",3,3]],[["SK9",3,3]],[["SK13",3,3]],[["SK17",3,3]],[["STAT122",300,300]]]	["+[100-150]% Enhanced Damage","+3 to Bow and Crossbow Skills (Amazon Only)","+3 to Critical Strike (Amazon Only)","+3 to Dodge (Amazon Only)","+3 to Slow Movement (Amazon Only)","+300% Damage to Undead"]	[[["IAS",20,20]],[["DEX",10,10]],[["STAT81",1,1]]]	["Shael: +20% Increased Attack Speed","Ko: +10 to Dexterity","Nef: Knockback"]	{}	[["6cb","Great Bow","elite"],["6hb","Blade Bow","elite"],["6hx","Colossus Crossbow","elite"],["6l7","Crusader Bow","elite"],["6lb","Shadow Bow","elite"],["6lw","Hydra Bow","elite"],["6lx","Pellet Bow","elite"],["6mx","Gorgon Crossbow","elite"],["6rx","Demon Crossbow","elite"],["6s7","Diamond Bow","elite"],["6sb","Spider Bow","elite"],["6sw","Ward Bow","elite"],["8cb","Double Bow","exceptional"],["8hb","Razor Bow","exceptional"],["8hx","Ballista","exceptional"],["8l8","Large Siege Bow","exceptional"],["8lb","Cedar Bow","exceptional"],["8lw","Gothic Bow","exceptional"],["8lx","Arbalest","exceptional"],["8mx","Siege Crossbow","exceptional"],["8rx","Chu-Ko-Nu","exceptional"],["8s8","Short Siege Bow","exceptional"],["8sb","Edge Bow","exceptional"],["8sw","Rune Bow","exceptional"],["am1","Stag Bow","normal"],["am2","Reflex Bow","normal"],["am6","Ashwood Bow","exceptional"],["am7","Ceremonial Bow","exceptional"],["amb","Matriarchal Bow","elite"],["amc","Grand Matron Bow","elite"],["cbw","Composite Bow","normal"],["hbw","Hunter's Bow","normal"],["hxb","Heavy Crossbow","normal"],["lbb","Long Battle Bow","normal"],["lbw","Long Bow","normal"],["lwb","Long War Bow","normal"],["lxb","Light Crossbow","normal"],["mxb","Crossbow","normal"],["rxb","Repeating Crossbow","normal"],["sbb","Short Battle Bow","normal"],["sbw","Short Bow","normal"],["swb","Short War Bow","normal"]]
RW	Memory	Runeword83	weapon	4	Lum Io Sol Eth	WEAPON	Staff	["EDAM","FCR","SK*","STAT119"]	[[["STAT77",25,40]],[["STAT35",7,7]],[["EDEF",50,50]],[["FCR",33,33]],[["ALLSK",4,4]],[["SK58",2,2]],[["SK42",2,2]]]	["Increase Maximum Mana [25-40]%","Magic Damage Taken Reduced by 7","+50% Enhanced Defense","+33% Faster Cast Rate","+4 to All Skills","+2 to Energy Shield (Sorceress Only)","+2 to Static Field (Sorceress Only)"]	[[["STAT1",10,10]],[["STAT3",10,10]],[["MINDMG",9,9]],[["STAT116",25,25]]]	["Lum: +10 to Energy","Io: +10 to Vitality","Sol: +9 to Minimum Damage","Eth: -25% Target Defense"]	{}	[["6bs","Shillelagh","elite"],["6cs","Elder Staff","elite"],["6ls","Stalagmite","elite"],["6ws","Archon Staff","elite"],["8bs","Gothic Staff","exceptional"],["8cs","Cedar Staff","exceptional"],["8ws","Rune Staff","exceptional"],["bst","Battle Staff","normal"],["cst","Gnarled Staff","normal"],["hst","Horadric Staff","normal"],["wst","War Staff","normal"]]
RW	Nadir	Runeword88	armor	2	Nef Tir	CIRC,HELM	Helm	["EDEF","SK*"]	[[["EDEF",50,50]],[["DEF",10,10]],[["STAT89",-3,-3]],[["MULTI204,16909",1,1]],[["GFIND",-33,-33]],[["STR",5,5]],[["STAT138",2,4]]]	["+50% Enhanced Defense","+10 Defense","-3 to Light Radius","Level 13 Cloak of Shadows (9/9 Charges)","-33% Extra Gold from Monsters","+5 to Strength","+[2-4] to Mana after each Kill"]	[[["STAT32",30,30]],[["STAT138",2,2]]]	["Nef: +30 Defense vs. Missile","Tir: +2 to Mana after each Kill"]	{}	[["ba1","Jawbone Cap","normal"],["ba2","Fanged Helm","normal"],["ba3","Horned Helm","normal"],["ba4","Assault Helmet","normal"],["ba5","Avenger Guard","normal"],["ba6","Jawbone Visor","exceptional"],["ba7","Lion Helm","exceptional"],["ba8","Rage Mask","exceptional"],["ba9","Savage Helmet","exceptional"],["baa","Slayer Guard","exceptional"],["bab","Carnage Helm","elite"],["bac","Fury Visor","elite"],["bad","Destroyer Helm","elite"],["bae","Conqueror Crown","elite"],["baf","Guardian Crown","elite"],["bhm","Bone Helm","normal"],["cap","Cap","normal"],["ci0","Circlet","normal"],["ci1","Coronet","normal"],["ci2","Tiara","exceptional"],["ci3","Diadem","elite"],["crn","Crown","normal"],["dr1","Wolf Head","normal"],["dr2","Hawk Helm","normal"],["dr3","Antlers","normal"],["dr4","Falcon Mask","normal"],["dr5","Spirit Mask","normal"],["dr6","Alpha Helm","exceptional"],["dr7","Griffon Headdress","exceptional"],["dr8","Hunter's Guise","exceptional"],["dr9","Sacred Feathers","exceptional"],["dra","Totemic Mask","exceptional"],["drb","Blood Spirit","elite"],["drc","Sun Spirit","elite"],["drd","Earth Spirit","elite"],["dre","Sky Spirit","elite"],["drf","Dream Spirit","elite"],["fhl","Full Helm","normal"],["ghm","Great Helm","normal"],["hlm","Helm","normal"],["msk","Mask","normal"],["skp","Skull Cap","normal"],["uap","Shako","elite"],["uh9","Bone Visage","elite"],["uhl","Giant Conch","elite"],["uhm","Spired Helm","elite"],["ukp","Hydraskull","elite"],["ulm","Armet","elite"],["urn","Corona","elite"],["usk","Demonhead","elite"],["xap","War Hat","exceptional"],["xh9","Grim Helm","exceptional"],["xhl","Basinet","exceptional"],["xhm","Winged Helm","exceptional"],["xkp","Sallet","exceptional"],["xlm","Casque","exceptional"],["xrn","Grand Crown","exceptional"],["xsk","Death Mask","exceptional"]]
RW	Radiance	Runeword116	armor	3	Nef Sol Ith	CIRC,HELM	Helm	["EDEF","SK*"]	[[["STAT89",5,5]],[["STAT1",10,10]],[["STAT3",10,10]],[["EDAM",20,40]],[["MANA",33,33]],[["EDEF",75,75]]]	["+5 to Light Radius","+10 to Energy","+10 to Vitality","+[20-40]% Enhanced Damage","+33 to Mana","+75% Enhanced Defense"]	[[["STAT32",30,30]],[["STAT34",7,7]],[["DTM",15,15]]]	["Nef: +30 Defense vs. Missile","Sol: Physical Damage Taken Reduced by 7","Ith: 15% Damage Taken Gained as Mana when Hit"]	{}	[["ba1","Jawbone Cap","normal"],["ba2","Fanged Helm","normal"],["ba3","Horned Helm","normal"],["ba4","Assault Helmet","normal"],["ba5","Avenger Guard","normal"],["ba6","Jawbone Visor","exceptional"],["ba7","Lion Helm","exceptional"],["ba8","Rage Mask","exceptional"],["ba9","Savage Helmet","exceptional"],["baa","Slayer Guard","exceptional"],["bab","Carnage Helm","elite"],["bac","Fury Visor","elite"],["bad","Destroyer Helm","elite"],["bae","Conqueror Crown","elite"],["baf","Guardian Crown","elite"],["ci2","Tiara","exceptional"],["ci3","Diadem","elite"],["crn","Crown","normal"],["dr1","Wolf Head","normal"],["dr2","Hawk Helm","normal"],["dr3","Antlers","normal"],["dr4","Falcon Mask","normal"],["dr5","Spirit Mask","normal"],["dr6","Alpha Helm","exceptional"],["dr7","Griffon Headdress","exceptional"],["dr8","Hunter's Guise","exceptional"],["dr9","Sacred Feathers","exceptional"],["dra","Totemic Mask","exceptional"],["drb","Blood Spirit","elite"],["drc","Sun Spirit","elite"],["drd","Earth Spirit","elite"],["dre","Sky Spirit","elite"],["drf","Dream Spirit","elite"],["ghm","Great Helm","normal"],["msk","Mask","normal"],["uh9","Bone Visage","elite"],["uhm","Spired Helm","elite"],["urn","Corona","elite"],["usk","Demonhead","elite"],["xhm","Winged Helm","exceptional"],["xrn","Grand Crown","exceptional"],["xsk","Death Mask","exceptional"]]
RW	Rhyme	Runeword120	shield	2	Shael Eth	SHIELD	Any Shield	["AR","CRES","EDAM","EDEF","FRES","LRES","PRES","RES","SK*","STAT35","STAT57","STAT58","STAT59","STAT78"]	[[["FBR",20,20]],[["STAT20",20,20]],[["RES",25,25],["FRES",25,25],["LRES",25,25],["CRES",25,25],["PRES",25,25]],[["STAT153",1,1]],[["GFIND",50,50]],[["MFIND",25,25]]]	["+20% Faster Block Rate","20% Increased Chance of Blocking","All Resistances +25","Cannot Be Frozen","50% Extra Gold from Monsters","25% Better Chance of Getting Magic Items"]	[[["FBR",20,20]],[["STAT27",15,15]]]	["Shael: +20% Faster Block Rate","Eth: Regenerate Mana 15%"]	{}	[["bsh","Bone Shield","normal"],["gts","Gothic Shield","normal"],["kit","Kite Shield","normal"],["lrg","Large Shield","normal"],["ne1","Preserved Head","normal"],["ne2","Zombie Head","normal"],["ne3","Unraveller Head","normal"],["ne4","Gargoyle Head","normal"],["ne5","Demon Head","normal"],["ne6","Mummified Trophy","exceptional"],["ne7","Fetish Trophy","exceptional"],["ne8","Sexton Trophy","exceptional"],["ne9","Cantor Trophy","exceptional"],["nea","Hierophant Trophy","exceptional"],["neb","Minion Skull","elite"],["ned","Overseer Skull","elite"],["nee","Succubus Skull","elite"],["nef","Bloodlord Skull","elite"],["neg","Hellspawn Skull","elite"],["pa1","Targe","normal"],["pa2","Rondache","normal"],["pa3","Heraldic Shield","normal"],["pa4","Aerin Shield","normal"],["pa5","Crown Shield","normal"],["pa6","Akaran Targe","exceptional"],["pa7","Akaran Rondache","exceptional"],["pa8","Protector Shield","exceptional"],["pa9","Gilded Shield","exceptional"],["paa","Royal Shield","exceptional"],["pab","Sacred Targe","elite"],["pac","Sacred Rondache","elite"],["pad","Kurast Shield","elite"],["pae","Zakarum Shield","elite"],["paf","Vortex Shield","elite"],["sml","Small Shield","normal"],["spk","Spiked Shield","normal"],["tow","Tower Shield","normal"],["uit","Monarch","elite"],["uml","Luna","elite"],["uow","Aegis","elite"],["upk","Blade Barrier","elite"],["urg","Hyperion","elite"],["ush","Troll Nest","elite"],["uts","Ward","elite"],["uuc","Heater","elite"],["xit","Dragon Shield","exceptional"],["xml","Round Shield","exceptional"],["xow","Pavise","exceptional"],["xpk","Barbed Shield","exceptional"],["xrg","Scutum","exceptional"],["xsh","Grim Shield","exceptional"],["xts","Ancient Shield","exceptional"]]
RW	Silence	Runeword126	weapon	6	Dol Eld Hel Ist Tir Vex	WEAPON	Weapon	["EDAM","FCR","SK*","STAT119","TABSK2"]	[[["STAT62",4,4]],[["STAT113",33,33]],[["EDAM",275,375]],[["IAS",20,20],["FHR",20,20]],[["RES",50,50],["FRES",50,50],["LRES",50,50],["CRES",50,50],["PRES",50,50]],[["ALLSK",2,2]],[["MULTI151,103",23,25]]]	["4% Mana stolen per hit","Hit Blinds Target +33","+[275-375]% Enhanced Damage","+20% Increased Attack Speed","All Resistances +50","+2 to All Skills","Level [23-25] Thorns Aura When Equipped"]	[[["EDAM",20,20]],[["STAT124",50,50]],[["STAT122",75,75]],[["STAT91",-20,-20]],[["MFIND",30,30]],[["STAT138",2,2]],[["STAT62",7,7]]]	["Dol: +20% Enhanced Damage","Eld: +50 to Attack Rating against Undead","Eld: +75% Damage to Undead","Hel: Requirements -20%","Ist: 30% Better Chance of Getting Magic Items","Tir: +2 to Mana after each Kill","Vex: 7% Mana stolen per hit"]	{}	[["6hx","Colossus Crossbow","elite"],["6l7","Crusader Bow","elite"],["6lb","Shadow Bow","elite"],["6lw","Hydra Bow","elite"],["6ws","Archon Staff","elite"],["7cr","Phase Blade","elite"],["7cr2","Phase Blade","elite"],["7ga","Champion Axe","elite"],["7gd","Colossus Blade","elite"],["7gi","Glorious Axe","elite"],["7gm","Thunder Maul","elite"],["7h7","Great Poleaxe","elite"],["7m7","Ogre Maul","elite"],["7mp","War Spike","elite"],["7p7","War Pike","elite"],["7sr","Hyperion Spear","elite"],["7st","Ghost Spear","elite"],["7wa","Berserker Axe","elite"],["7wc","Giant Thresher","elite"],["8hx","Ballista","exceptional"],["8l8","Large Siege Bow","exceptional"],["8lw","Gothic Bow","exceptional"],["8ws","Rune Staff","exceptional"],["9cr","Dimensional Blade","exceptional"],["9ga","Gothic Axe","exceptional"],["9gd","Executioner Sword","exceptional"],["9gi","Ancient Axe","exceptional"],["9gm","Martel de Fer","exceptional"],["9h9","Bec-de-Corbin","exceptional"],["9m9","War Club","exceptional"],["9mp","Crowbill","exceptional"],["9p9","Lance","exceptional"],["9st","Yari","exceptional"],["9wa","Naga","exceptional"],["9wc","Grim Scythe","exceptional"],["am3","Maiden Spear","normal"],["am4","Maiden Pike","normal"],["am8","Ceremonial Spear","exceptional"],["am9","Ceremonial Pike","exceptional"],["amd","Matriarchal Spear","elite"],["ame","Matriarchal Pike","elite"],["crs","Crystal Sword","normal"],["gax","Great Axe","normal"],["gix","Giant Axe","normal"],["gma","Great Maul","normal"],["gsd","Great Sword","normal"],["hal","Halberd","normal"],["hxb","Heavy Crossbow","normal"],["lbb","Long Battle Bow","normal"],["lwb","Long War Bow","normal"],["mau","Maul","normal"],["mpi","Military Pick","normal"],["pik","Pike","normal"],["spt","Spetum","normal"],["wax","War Axe","normal"],["wsc","War Scythe","normal"],["wst","War Staff","normal"]]
RW	Smoke	Runeword128	armor	2	Nef Lum	CHEST	Armor	["EDEF"]	[[["STAT32",250,250]],[["EDEF",75,75]],[["RES",30,50],["FRES",30,50],["LRES",30,50],["CRES",30,50],["PRES",30,50]],[["FHR",20,20]],[["STAT89",-1,-1]],[["MULTI204,28358",1,1]]]	["+250 Defense vs. Missile","+75% Enhanced Defense","All Resistances +[30-50]","+20% Faster Hit Recovery","-1 to Light Radius","Level 6 Weaken (18/18 Charges)"]	[[["STAT32",30,30]],[["STAT1",10,10]]]	["Nef: +30 Defense vs. Missile","Lum: +10 to Energy"]	{}	[["aar","Ancient Armor","normal"],["brs","Breast Plate","normal"],["chn","Chain Mail","normal"],["fld","Field Plate","normal"],["ful","Full Plate Mail","normal"],["gth","Gothic Plate","normal"],["hla","Hard Leather Armor","normal"],["lea","Leather Armor","normal"],["ltp","Light Plate","normal"],["plt","Plate Mail","normal"],["qui","Quilted Armor","normal"],["rng","Ring Mail","normal"],["scl","Scale Mail","normal"],["spl","Splint Mail","normal"],["stu","Studded Leather","normal"],["uar","Sacred Armor","elite"],["ucl","Loricated Mail","elite"],["uea","Wyrmhide","elite"],["uhn","Boneweave","elite"],["ula","Scarab Husk","elite"],["uld","Kraken Shell","elite"],["ult","Hellforge Plate","elite"],["ung","Diamond Mail","elite"],["upl","Balrog Skin","elite"],["urs","Great Hauberk","elite"],["uth","Lacquered Plate","elite"],["utp","Archon Plate","elite"],["utu","Wire Fleece","elite"],["uui","Dusk Shroud","elite"],["uul","Shadow Plate","elite"],["xar","Ornate Plate","exceptional"],["xcl","Tigulated Mail","exceptional"],["xea","Serpentskin Armor","exceptional"],["xhn","Mesh Armor","exceptional"],["xla","Demonhide Armor","exceptional"],["xld","Sharktooth Armor","exceptional"],["xlt","Templar Coat","exceptional"],["xng","Linked Mail","exceptional"],["xpl","Russet Armor","exceptional"],["xrs","Cuirass","exceptional"],["xth","Embossed Plate","exceptional"],["xtp","Mage Plate","exceptional"],["xtu","Trellised Armor","exceptional"],["xui","Ghost Armor","exceptional"],["xul","Chaos Armor","exceptional"]]
RW	Stealth	Runeword133	armor	2	Tal Eth	CHEST	Armor	["EDEF"]	[[["STAT35",3,3]],[["DEX",6,6]],[],[["FRW",10,10]],[["FCR",20,20]],[["FHR",20,20]]]	["Magic Damage Taken Reduced by 3","+6 to Dexterity","+15 Maximum Stamina","+10% Faster Run/Walk","+20% Faster Cast Rate","+20% Faster Hit Recovery"]	[[["PRES",30,30]],[["STAT27",15,15]]]	["Tal: Poison Resist +30%","Eth: Regenerate Mana 15%"]	{}	[["aar","Ancient Armor","normal"],["brs","Breast Plate","normal"],["chn","Chain Mail","normal"],["fld","Field Plate","normal"],["ful","Full Plate Mail","normal"],["gth","Gothic Plate","normal"],["hla","Hard Leather Armor","normal"],["lea","Leather Armor","normal"],["ltp","Light Plate","normal"],["plt","Plate Mail","normal"],["qui","Quilted Armor","normal"],["rng","Ring Mail","normal"],["scl","Scale Mail","normal"],["spl","Splint Mail","normal"],["stu","Studded Leather","normal"],["uar","Sacred Armor","elite"],["ucl","Loricated Mail","elite"],["uea","Wyrmhide","elite"],["uhn","Boneweave","elite"],["ula","Scarab Husk","elite"],["uld","Kraken Shell","elite"],["ult","Hellforge Plate","elite"],["ung","Diamond Mail","elite"],["upl","Balrog Skin","elite"],["urs","Great Hauberk","elite"],["uth","Lacquered Plate","elite"],["utp","Archon Plate","elite"],["utu","Wire Fleece","elite"],["uui","Dusk Shroud","elite"],["uul","Shadow Plate","elite"],["xar","Ornate Plate","exceptional"],["xcl","Tigulated Mail","exceptional"],["xea","Serpentskin Armor","exceptional"],["xhn","Mesh Armor","exceptional"],["xla","Demonhide Armor","exceptional"],["xld","Sharktooth Armor","exceptional"],["xlt","Templar Coat","exceptional"],["xng","Linked Mail","exceptional"],["xpl","Russet Armor","exceptional"],["xrs","Cuirass","exceptional"],["xth","Embossed Plate","exceptional"],["xtp","Mage Plate","exceptional"],["xtu","Trellised Armor","exceptional"],["xui","Ghost Armor","exceptional"],["xul","Chaos Armor","exceptional"]]
RW	Steel	Runeword134	weapon	2	Tir El	WEAPON	Sword, Axe, Mace, Hand to Hand, Thrown Weapon, Amazon Spear	["EDAM","SK*","STAT119","STAT256","TABSK2"]	[[["IAS",25,25]],[["MINDMG",3,3]],[["MAXDMG",3,3]],[["STAT135",50,50]],[["EDAM",20,20]]]	["+25% Increased Attack Speed","+3 to Minimum Damage","+3 to Maximum Damage","+50% Chance of Open Wounds","+20% Enhanced Damage"]	[[["STAT138",2,2]],[["STAT89",1,1]],[["AR",50,50]]]	["Tir: +2 to Mana after each Kill","El: +1 to Light Radius","El: +50 to Attack Rating"]	{}	[["2ax","Double Axe","normal"],["2hs","Two-Handed Sword","normal"],["72a","Ettin Axe","elite"],["72h","Legend Sword","elite"],["7ar","Suwayyah","elite"],["7ax","Small Crescent","elite"],["7b7","Champion Sword","elite"],["7b8","Winged Axe","elite"],["7ba","Silver-edged Axe","elite"],["7bk","Winged Knife","elite"],["7bs","Conquest Sword","elite"],["7bt","Decapitator","elite"],["7cm","Highland Blade","elite"],["7cr","Phase Blade","elite"],["7cr2","Phase Blade","elite"],["7cs","Battle Cestus","elite"],["7fb","Colossus Sword","elite"],["7fc","Hydra Edge","elite"],["7fl","Scourge","elite"],["7ga","Champion Axe","elite"],["7gd","Colossus Blade","elite"],["7gi","Glorious Axe","elite"],["7gl","Ghost Glaive","elite"],["7gs","Balrog Blade","elite"],["7ha","Tomahawk","elite"],["7ja","Hyperion Javelin","elite"],["7la","Feral Axe","elite"],["7ls","Cryptic Sword","elite"],["7lw","Feral Claws","elite"],["7ma","Reinforced Mace","elite"],["7mp","War Spike","elite"],["7mt","Devil Star","elite"],["7pi","Stygian Pilum","elite"],["7qr","Scissors Suwayyah","elite"],["7s7","Balrog Spear","elite"],["7sb","Elegant Blade","elite"],["7sm","Ataghan","elite"],["7ss","Falcata","elite"],["7ta","Flying Axe","elite"],["7tk","Flying Knife","elite"],["7ts","Winged Harpoon","elite"],["7tw","Runic Talons","elite"],["7wa","Berserker Axe","elite"],["7wb","Wrist Sword","elite"],["7wd","Mythical Sword","elite"],["7xf","War Fist","elite"],["92a","Twin Axe","exceptional"],["92h","Espandon","exceptional"],["9ar","Quhab","exceptional"],["9ax","Cleaver","exceptional"],["9b8","Hurlbat","exceptional"],["9b9","Gothic Sword","exceptional"],["9ba","Bearded Axe","exceptional"],["9bk","War Dart","exceptional"],["9bs","Battle Sword","exceptional"],["9bt","Tabar","exceptional"],["9cm","Dacian Falx","exceptional"],["9cr","Dimensional Blade","exceptional"],["9cs","Hand Scythe","exceptional"],["9fb","Zweihander","exceptional"],["9fc","Tulwar","exceptional"],["9fl","Knout","exceptional"],["9ga","Gothic Axe","exceptional"],["9gd","Executioner Sword","exceptional"],["9gi","Ancient Axe","exceptional"],["9gl","Spiculum","exceptional"],["9gs","Tusk Sword","exceptional"],["9ha","Hatchet","exceptional"],["9ja","War Javelin","exceptional"],["9la","Military Axe","exceptional"],["9ls","Rune Sword","exceptional"],["9lw","Greater Claws","exceptional"],["9ma","Flanged Mace","exceptional"],["9mp","Crowbill","exceptional"],["9mt","Jagged Star","exceptional"],["9pi","Great Pilum","exceptional"],["9qr","Scissors Quhab","exceptional"],["9s9","Simbilan","exceptional"],["9sb","Shamshir","exceptional"],["9sm","Cutlass","exceptional"],["9ss","Gladius","exceptional"],["9ta","Francisca","exceptional"],["9tk","Battle Dart","exceptional"],["9ts","Harpoon","exceptional"],["9tw","Greater Talons","exceptional"],["9wa","Naga","exceptional"],["9wb","Wrist Spike","exceptional"],["9wd","Ancient Sword","exceptional"],["9xf","Fascia","exceptional"],["am3","Maiden Spear","normal"],["am4","Maiden Pike","normal"],["am5","Maiden Javelin","normal"],["am8","Ceremonial Spear","exceptional"],["am9","Ceremonial Pike","exceptional"],["ama","Ceremonial Javelin","exceptional"],["amd","Matriarchal Spear","elite"],["ame","Matriarchal Pike","elite"],["amf","Matriarchal Javelin","elite"],["axe","Axe","normal"],["axf","Hatchet Hands","normal"],["bal","Balanced Axe","normal"],["bax","Broad Axe","normal"],["bkf","Balanced Knife","normal"],["bsd","Broad Sword","normal"],["bsw","Bastard Sword","normal"],["btl","Blade Talons","normal"],["btx","Battle Axe","normal"],["ces","Cestus","normal"],["clm","Claymore","normal"],["clw","Claws","normal"],["crs","Crystal Sword","normal"],["fla","Flail","normal"],["flb","Flamberge","normal"],["flc","Falchion","normal"],["gax","Great Axe","normal"],["gis","Giant Sword","normal"],["gix","Giant Axe","normal"],["glv","Glaive","normal"],["gsd","Great Sword","normal"],["hax","Hand Axe","normal"],["ktr","Katar","normal"],["lax","Large Axe","normal"],["lsd","Long Sword","normal"],["mac","Mace","normal"],["mpi","Military Pick","normal"],["mst","Morning Star","normal"],["pil","Pilum","normal"],["qf1","Khalim's Flail","normal"],["qf2","Khalim's Will","normal"],["sbr","Sabre","normal"],["scm","Scimitar","normal"],["skr","Scissors Katar","normal"],["ssd","Short Sword","normal"],["ssp","Short Spear","normal"],["tsp","Throwing Spear","normal"],["wax","War Axe","normal"],["wrb","Wrist Blade","normal"],["wsd","War Sword","normal"]]
RW	Strength	Runeword139	weapon	2	Amn Tir	WEAPON	Melee Weapon, Javelin, Amazon Spear, Throwing Axe, Throwing Knife, Thrown Weapon	["EDAM","FCR","SK*","STAT119","STAT141","STAT256","STAT57","STAT58","STAT59","TABSK2"]	[[["STR",20,20]],[["EDAM",65,95]],[["STAT3",10,10]],[["STAT136",25,25]]]	["+20 to Strength","+[65-95]% Enhanced Damage","+10 to Vitality","+25% Chance of Crushing Blow"]	[[["STAT60",7,7]],[["STAT138",2,2]]]	["Amn: 7% Life stolen per hit","Tir: +2 to Mana after each Kill"]	{}	[["2ax","Double Axe","normal"],["2hs","Two-Handed Sword","normal"],["6bs","Shillelagh","elite"],["6cs","Elder Staff","elite"],["6ls","Stalagmite","elite"],["6ss","Walking Stick","elite"],["6ws","Archon Staff","elite"],["72a","Ettin Axe","elite"],["72h","Legend Sword","elite"],["7ar","Suwayyah","elite"],["7ax","Small Crescent","elite"],["7b7","Champion Sword","elite"],["7b8","Winged Axe","elite"],["7ba","Silver-edged Axe","elite"],["7bk","Winged Knife","elite"],["7bl","Legend Spike","elite"],["7br","Mancatcher","elite"],["7bs","Conquest Sword","elite"],["7bt","Decapitator","elite"],["7bw","Lich Wand","elite"],["7cl","Truncheon","elite"],["7cm","Highland Blade","elite"],["7cr","Phase Blade","elite"],["7cr2","Phase Blade","elite"],["7cs","Battle Cestus","elite"],["7dg","Bone Knife","elite"],["7di","Mithril Point","elite"],["7fb","Colossus Sword","elite"],["7fc","Hydra Edge","elite"],["7fl","Scourge","elite"],["7ga","Champion Axe","elite"],["7gd","Colossus Blade","elite"],["7gi","Glorious Axe","elite"],["7gl","Ghost Glaive","elite"],["7gm","Thunder Maul","elite"],["7gs","Balrog Blade","elite"],["7gw","Unearthed Wand","elite"],["7h7","Great Poleaxe","elite"],["7ha","Tomahawk","elite"],["7ja","Hyperion Javelin","elite"],["7kr","Fanged Knife","elite"],["7la","Feral Axe","elite"],["7ls","Cryptic Sword","elite"],["7lw","Feral Claws","elite"],["7m7","Ogre Maul","elite"],["7ma","Reinforced Mace","elite"],["7mp","War Spike","elite"],["7mt","Devil Star","elite"],["7o7","Ogre Axe","elite"],["7p7","War Pike","elite"],["7pa","Cryptic Axe","elite"],["7pi","Stygian Pilum","elite"],["7qr","Scissors Suwayyah","elite"],["7qs","Seraph Rod","elite"],["7s7","Balrog Spear","elite"],["7s8","Thresher","elite"],["7sb","Elegant Blade","elite"],["7sc","Mighty Scepter","elite"],["7sm","Ataghan","elite"],["7sp","Tyrant Club","elite"],["7sr","Hyperion Spear","elite"],["7ss","Falcata","elite"],["7st","Ghost Spear","elite"],["7ta","Flying Axe","elite"],["7tk","Flying Knife","elite"],["7tr","Stygian Pike","elite"],["7ts","Winged Harpoon","elite"],["7tw","Runic Talons","elite"],["7vo","Colossus Voulge","elite"],["7wa","Berserker Axe","elite"],["7wb","Wrist Sword","elite"],["7wc","Giant Thresher","elite"],["7wd","Mythical Sword","elite"],["7wh","Legendary Mallet","elite"],["7wn","Polished Wand","elite"],["7ws","Caduceus","elite"],["7xf","War Fist","elite"],["7yw","Ghost Wand","elite"],["8bs","Gothic Staff","exceptional"],["8cs","Cedar Staff","exceptional"],["8ls","Quarterstaff","exceptional"],["8ss","Jo Staff","exceptional"],["8ws","Rune Staff","exceptional"],["92a","Twin Axe","exceptional"],["92h","Espandon","exceptional"],["9ar","Quhab","exceptional"],["9ax","Cleaver","exceptional"],["9b7","Lochaber Axe","exceptional"],["9b8","Hurlbat","exceptional"],["9b9","Gothic Sword","exceptional"],["9ba","Bearded Axe","exceptional"],["9bk","War Dart","exceptional"],["9bl","Stiletto","exceptional"],["9br","War Fork","exceptional"],["9bs","Battle Sword","exceptional"],["9bt","Tabar","exceptional"],["9bw","Tomb Wand","exceptional"],["9cl","Cudgel","exceptional"],["9cm","Dacian Falx","exceptional"],["9cr","Dimensional Blade","exceptional"],["9cs","Hand Scythe","exceptional"],["9dg","Poignard","exceptional"],["9di","Rondel","exceptional"],["9fb","Zweihander","exceptional"],["9fc","Tulwar","exceptional"],["9fl","Knout","exceptional"],["9ga","Gothic Axe","exceptional"],["9gd","Executioner Sword","exceptional"],["9gi","Ancient Axe","exceptional"],["9gl","Spiculum","exceptional"],["9gm","Martel de Fer","exceptional"],["9gs","Tusk Sword","exceptional"],["9gw","Grave Wand","exceptional"],["9h9","Bec-de-Corbin","exceptional"],["9ha","Hatchet","exceptional"],["9ja","War Javelin","exceptional"],["9kr","Cinquedeas","exceptional"],["9la","Military Axe","exceptional"],["9ls","Rune Sword","exceptional"],["9lw","Greater Claws","exceptional"],["9m9","War Club","exceptional"],["9ma","Flanged Mace","exceptional"],["9mp","Crowbill","exceptional"],["9mt","Jagged Star","exceptional"],["9p9","Lance","exceptional"],["9pa","Partizan","exceptional"],["9pi","Great Pilum","exceptional"],["9qr","Scissors Quhab","exceptional"],["9qs","Holy Water Sprinkler","exceptional"],["9s8","Battle Scythe","exceptional"],["9s9","Simbilan","exceptional"],["9sb","Shamshir","exceptional"],["9sc","Rune Scepter","exceptional"],["9sm","Cutlass","exceptional"],["9sp","Barbed Club","exceptional"],["9sr","War Spear","exceptional"],["9ss","Gladius","exceptional"],["9st","Yari","exceptional"],["9ta","Francisca","exceptional"],["9tk","Battle Dart","exceptional"],["9tr","Fuscina","exceptional"],["9ts","Harpoon","exceptional"],["9tw","Greater Talons","exceptional"],["9vo","Bill","exceptional"],["9wa","Naga","exceptional"],["9wb","Wrist Spike","exceptional"],["9wc","Grim Scythe","exceptional"],["9wd","Ancient Sword","exceptional"],["9wh","Battle Hammer","exceptional"],["9ws","Divine Scepter","exceptional"],["9xf","Fascia","exceptional"],["9yw","Petrified Wand","exceptional"],["am3","Maiden Spear","normal"],["am4","Maiden Pike","normal"],["am5","Maiden Javelin","normal"],["am8","Ceremonial Spear","exceptional"],["am9","Ceremonial Pike","exceptional"],["ama","Ceremonial Javelin","exceptional"],["amd","Matriarchal Spear","elite"],["ame","Matriarchal Pike","elite"],["amf","Matriarchal Javelin","elite"],["axe","Axe","normal"],["axf","Hatchet Hands","normal"],["bal","Balanced Axe","normal"],["bar","Bardiche","normal"],["bax","Broad Axe","normal"],["bkf","Balanced Knife","normal"],["bld","Blade","normal"],["brn","Brandistock","normal"],["bsd","Broad Sword","normal"],["bst","Battle Staff","normal"],["bsw","Bastard Sword","normal"],["btl","Blade Talons","normal"],["btx","Battle Axe","normal"],["bwn","Bone Wand","normal"],["ces","Cestus","normal"],["clb","Club","normal"],["clm","Claymore","normal"],["clw","Claws","normal"],["crs","Crystal Sword","normal"],["cst","Gnarled Staff","normal"],["fla","Flail","normal"],["flb","Flamberge","normal"],["flc","Falchion","normal"],["g33","The Gidbinn","normal"],["gax","Great Axe","normal"],["gis","Giant Sword","normal"],["gix","Giant Axe","normal"],["glv","Glaive","normal"],["gma","Great Maul","normal"],["gsc","Grand Scepter","normal"],["gsd","Great Sword","normal"],["gwn","Grim Wand","normal"],["hal","Halberd","normal"],["hax","Hand Axe","normal"],["hdm","Horadric Malus","normal"],["hfh","Hell Forge Hammer","normal"],["hst","Horadric Staff","normal"],["kri","Kris","normal"],["ktr","Katar","normal"],["lax","Large Axe","normal"],["leg","Wirt's Leg","normal"],["lsd","Long Sword","normal"],["lst","Long Staff","normal"],["mac","Mace","normal"],["mau","Maul","normal"],["mpi","Military Pick","normal"],["msf","Shaft of the Horadric Staff","normal"],["mst","Morning Star","normal"],["pax","Poleaxe","normal"],["pik","Pike","normal"],["pil","Pilum","normal"],["qf1","Khalim's Flail","normal"],["qf2","Khalim's Will","normal"],["sbr","Sabre","normal"],["scm","Scimitar","normal"],["scp","Scepter","normal"],["scy","Scythe","normal"],["skr","Scissors Katar","normal"],["spc","Spiked Club","normal"],["spr","Spear","normal"],["spt","Spetum","normal"],["ssd","Short Sword","normal"],["ssp","Short Spear","normal"],["sst","Short Staff","normal"],["tri","Trident","normal"],["tsp","Throwing Spear","normal"],["vou","Voulge","normal"],["wax","War Axe","normal"],["whm","War Hammer","normal"],["wrb","Wrist Blade","normal"],["wsc","War Scythe","normal"],["wsd","War Sword","normal"],["wsp","War Scepter","normal"],["wst","War Staff","normal"]]
RW	Venom	Runeword154	weapon	3	Tal Dol Mal	WEAPON	Weapon, Javelin, Throwing Axe, Thrown Weapon	["EDAM","FCR","LIFE","MANA","SK*","STAT119","STAT141","STAT57","STAT58","STAT59","TABSK0","TABSK2"]	[[["OS73",6,6]],[["STAT115",1,1]],[["MULTI204,5327",1,1]],[["MULTI198,5916",1,1]],[["STAT62",7,7]],[["STAT336",20,30]],[["STAT58",1024,1024],["STAT57",1024,1024]]]	["+6 to Poison Strike","Ignore Target's Defense","Level 15 Desecrate (27/27 Charges)","20% Chance to cast level 28 Poison Nova on striking","7% Mana stolen per hit","-[20-30]% to Enemy Poison Resistance","+200 Poison Damage over 2 Seconds"]	[[["STAT58",154,154],["STAT57",154,154]],[["EDAM",20,20]],[["STAT117",1,1]]]	["Tal: +75 Poison Damage over 5 Seconds","Dol: +20% Enhanced Damage","Mal: Prevent Monster Heal"]	{}	[["2ax","Double Axe","normal"],["2hs","Two-Handed Sword","normal"],["6bs","Shillelagh","elite"],["6cb","Great Bow","elite"],["6cs","Elder Staff","elite"],["6hb","Blade Bow","elite"],["6hx","Colossus Crossbow","elite"],["6l7","Crusader Bow","elite"],["6lb","Shadow Bow","elite"],["6ls","Stalagmite","elite"],["6lw","Hydra Bow","elite"],["6lx","Pellet Bow","elite"],["6mx","Gorgon Crossbow","elite"],["6rx","Demon Crossbow","elite"],["6s7","Diamond Bow","elite"],["6sb","Spider Bow","elite"],["6ss","Walking Stick","elite"],["6sw","Ward Bow","elite"],["6ws","Archon Staff","elite"],["72a","Ettin Axe","elite"],["72h","Legend Sword","elite"],["7ar","Suwayyah","elite"],["7ax","Small Crescent","elite"],["7b7","Champion Sword","elite"],["7b8","Winged Axe","elite"],["7ba","Silver-edged Axe","elite"],["7br","Mancatcher","elite"],["7bs","Conquest Sword","elite"],["7bt","Decapitator","elite"],["7cl","Truncheon","elite"],["7cm","Highland Blade","elite"],["7cr","Phase Blade","elite"],["7cr2","Phase Blade","elite"],["7cs","Battle Cestus","elite"],["7fb","Colossus Sword","elite"],["7fc","Hydra Edge","elite"],["7fl","Scourge","elite"],["7ga","Champion Axe","elite"],["7gd","Colossus Blade","elite"],["7gi","Glorious Axe","elite"],["7gl","Ghost Glaive","elite"],["7gm","Thunder Maul","elite"],["7gs","Balrog Blade","elite"],["7h7","Great Poleaxe","elite"],["7ha","Tomahawk","elite"],["7kr","Fanged Knife","elite"],["7la","Feral Axe","elite"],["7ls","Cryptic Sword","elite"],["7lw","Feral Claws","elite"],["7m7","Ogre Maul","elite"],["7ma","Reinforced Mace","elite"],["7mp","War Spike","elite"],["7mt","Devil Star","elite"],["7o7","Ogre Axe","elite"],["7p7","War Pike","elite"],["7pa","Cryptic Axe","elite"],["7qr","Scissors Suwayyah","elite"],["7qs","Seraph Rod","elite"],["7s8","Thresher","elite"],["7sb","Elegant Blade","elite"],["7sc","Mighty Scepter","elite"],["7sm","Ataghan","elite"],["7sp","Tyrant Club","elite"],["7sr","Hyperion Spear","elite"],["7ss","Falcata","elite"],["7st","Ghost Spear","elite"],["7tr","Stygian Pike","elite"],["7ts","Winged Harpoon","elite"],["7tw","Runic Talons","elite"],["7vo","Colossus Voulge","elite"],["7wa","Berserker Axe","elite"],["7wb","Wrist Sword","elite"],["7wc","Giant Thresher","elite"],["7wd","Mythical Sword","elite"],["7wh","Legendary Mallet","elite"],["7ws","Caduceus","elite"],["7xf","War Fist","elite"],["8bs","Gothic Staff","exceptional"],["8cb","Double Bow","exceptional"],["8cs","Cedar Staff","exceptional"],["8hb","Razor Bow","exceptional"],["8hx","Ballista","exceptional"],["8l8","Large Siege Bow","exceptional"],["8lb","Cedar Bow","exceptional"],["8ls","Quarterstaff","exceptional"],["8lw","Gothic Bow","exceptional"],["8lx","Arbalest","exceptional"],["8mx","Siege Crossbow","exceptional"],["8rx","Chu-Ko-Nu","exceptional"],["8s8","Short Siege Bow","exceptional"],["8sb","Edge Bow","exceptional"],["8ss","Jo Staff","exceptional"],["8sw","Rune Bow","exceptional"],["8ws","Rune Staff","exceptional"],["92a","Twin Axe","exceptional"],["92h","Espandon","exceptional"],["9ar","Quhab","exceptional"],["9ax","Cleaver","exceptional"],["9b7","Lochaber Axe","exceptional"],["9b8","Hurlbat","exceptional"],["9b9","Gothic Sword","exceptional"],["9ba","Bearded Axe","exceptional"],["9br","War Fork","exceptional"],["9bs","Battle Sword","exceptional"],["9bt","Tabar","exceptional"],["9cl","Cudgel","exceptional"],["9cm","Dacian Falx","exceptional"],["9cr","Dimensional Blade","exceptional"],["9cs","Hand Scythe","exceptional"],["9fb","Zweihander","exceptional"],["9fc","Tulwar","exceptional"],["9fl","Knout","exceptional"],["9ga","Gothic Axe","exceptional"],["9gd","Executioner Sword","exceptional"],["9gi","Ancient Axe","exceptional"],["9gl","Spiculum","exceptional"],["9gm","Martel de Fer","exceptional"],["9gs","Tusk Sword","exceptional"],["9h9","Bec-de-Corbin","exceptional"],["9ha","Hatchet","exceptional"],["9kr","Cinquedeas","exceptional"],["9la","Military Axe","exceptional"],["9ls","Rune Sword","exceptional"],["9lw","Greater Claws","exceptional"],["9m9","War Club","exceptional"],["9ma","Flanged Mace","exceptional"],["9mp","Crowbill","exceptional"],["9mt","Jagged Star","exceptional"],["9p9","Lance","exceptional"],["9pa","Partizan","exceptional"],["9qr","Scissors Quhab","exceptional"],["9qs","Holy Water Sprinkler","exceptional"],["9s8","Battle Scythe","exceptional"],["9sb","Shamshir","exceptional"],["9sc","Rune Scepter","exceptional"],["9sm","Cutlass","exceptional"],["9sp","Barbed Club","exceptional"],["9sr","War Spear","exceptional"],["9ss","Gladius","exceptional"],["9st","Yari","exceptional"],["9tr","Fuscina","exceptional"],["9ts","Harpoon","exceptional"],["9tw","Greater Talons","exceptional"],["9vo","Bill","exceptional"],["9wa","Naga","exceptional"],["9wb","Wrist Spike","exceptional"],["9wc","Grim Scythe","exceptional"],["9wd","Ancient Sword","exceptional"],["9wh","Battle Hammer","exceptional"],["9ws","Divine Scepter","exceptional"],["9xf","Fascia","exceptional"],["am1","Stag Bow","normal"],["am2","Reflex Bow","normal"],["am3","Maiden Spear","normal"],["am4","Maiden Pike","normal"],["am6","Ashwood Bow","exceptional"],["am7","Ceremonial Bow","exceptional"],["am8","Ceremonial Spear","exceptional"],["am9","Ceremonial Pike","exceptional"],["amb","Matriarchal Bow","elite"],["amc","Grand Matron Bow","elite"],["amd","Matriarchal Spear","elite"],["ame","Matriarchal Pike","elite"],["axe","Axe","normal"],["bal","Balanced Axe","normal"],["bar","Bardiche","normal"],["bax","Broad Axe","normal"],["brn","Brandistock","normal"],["bsd","Broad Sword","normal"],["bst","Battle Staff","normal"],["bsw","Bastard Sword","normal"],["btl","Blade Talons","normal"],["btx","Battle Axe","normal"],["cbw","Composite Bow","normal"],["clm","Claymore","normal"],["clw","Claws","normal"],["crs","Crystal Sword","normal"],["cst","Gnarled Staff","normal"],["fla","Flail","normal"],["flb","Flamberge","normal"],["gax","Great Axe","normal"],["gis","Giant Sword","normal"],["gix","Giant Axe","normal"],["glv","Glaive","normal"],["gma","Great Maul","normal"],["gsc","Grand Scepter","normal"],["gsd","Great Sword","normal"],["hal","Halberd","normal"],["hbw","Hunter's Bow","normal"],["hfh","Hell Forge Hammer","normal"],["hst","Horadric Staff","normal"],["hxb","Heavy Crossbow","normal"],["kri","Kris","normal"],["lax","Large Axe","normal"],["lbb","Long Battle Bow","normal"],["lbw","Long Bow","normal"],["leg","Wirt's Leg","normal"],["lsd","Long Sword","normal"],["lst","Long Staff","normal"],["lwb","Long War Bow","normal"],["lxb","Light Crossbow","normal"],["mau","Maul","normal"],["mpi","Military Pick","normal"],["msf","Shaft of the Horadric Staff","normal"],["mst","Morning Star","normal"],["mxb","Crossbow","normal"],["ob1","Eagle Orb","normal"],["ob2","Sacred Globe","normal"],["ob3","Smoked Sphere","normal"],["ob4","Clasped Orb","normal"],["ob5","Jared's Stone","normal"],["ob6","Glowing Orb","exceptional"],["ob7","Crystalline Globe","exceptional"],["ob8","Cloudy Sphere","exceptional"],["ob9","Sparkling Ball","exceptional"],["oba","Swirling Crystal","exceptional"],["obb","Heavenly Stone","elite"],["obc","Eldritch Orb","elite"],["obd","Demon Heart","elite"],["obe","Vortex Orb","elite"],["obf","Dimensional Shard","elite"],["pax","Poleaxe","normal"],["pik","Pike","normal"],["qf1","Khalim's Flail","normal"],["qf2","Khalim's Will","normal"],["rxb","Repeating Crossbow","normal"],["sbb","Short Battle Bow","normal"],["sbw","Short Bow","normal"],["scy","Scythe","normal"],["skr","Scissors Katar","normal"],["spr","Spear","normal"],["spt","Spetum","normal"],["swb","Short War Bow","normal"],["tri","Trident","normal"],["tsp","Throwing Spear","normal"],["vou","Voulge","normal"],["wax","War Axe","normal"],["whm","War Hammer","normal"],["wsc","War Scythe","normal"],["wsd","War Sword","normal"],["wsp","War Scepter","normal"],["wst","War Staff","normal"]]
RW	Wealth	Runeword160	armor	3	Lem Ko Tir	CHEST	Armor	["EDEF"]	[[["GFIND",250,250]],[["MFIND",100,100]],[["STAT138",2,2]]]	["250% Extra Gold from Monsters","100% Better Chance of Getting Magic Items","+2 to Mana after each Kill"]	[[["GFIND",50,50]],[["DEX",10,10]],[["STAT138",2,2]]]	["Lem: 50% Extra Gold from Monsters","Ko: +10 to Dexterity","Tir: +2 to Mana after each Kill"]	{}	[["aar","Ancient Armor","normal"],["brs","Breast Plate","normal"],["ful","Full Plate Mail","normal"],["gth","Gothic Plate","normal"],["ltp","Light Plate","normal"],["rng","Ring Mail","normal"],["uar","Sacred Armor","elite"],["ucl","Loricated Mail","elite"],["uea","Wyrmhide","elite"],["uhn","Boneweave","elite"],["ula","Scarab Husk","elite"],["uld","Kraken Shell","elite"],["ult","Hellforge Plate","elite"],["ung","Diamond Mail","elite"],["upl","Balrog Skin","elite"],["urs","Great Hauberk","elite"],["uth","Lacquered Plate","elite"],["utp","Archon Plate","elite"],["utu","Wire Fleece","elite"],["uui","Dusk Shroud","elite"],["uul","Shadow Plate","elite"],["xar","Ornate Plate","exceptional"],["xcl","Tigulated Mail","exceptional"],["xhn","Mesh Armor","exceptional"],["xld","Sharktooth Armor","exceptional"],["xlt","Templar Coat","exceptional"],["xng","Linked Mail","exceptional"],["xpl","Russet Armor","exceptional"],["xrs","Cuirass","exceptional"],["xth","Embossed Plate","exceptional"],["xtp","Mage Plate","exceptional"],["xul","Chaos Armor","exceptional"]]
RW	White	Runeword162	weapon	2	Dol Io	WEAPON	Wand	["EDAM","SK*","STAT119"]	[[["TABSK17",2,2]],[["STAT35",4,4]],[["FCR",20,20]],[["MANA",13,13]],[["SK68",2,3]],[["SK69",4,4]]]	["+2 to Poison and Bone Skills (Necromancer Only)","Magic Damage Taken Reduced by 4","+20% Faster Cast Rate","+13 to Mana","+[2-3] to Bone Armor (Necromancer Only)","+4 to Skeleton Mastery (Necromancer Only)"]	[[["EDAM",20,20]],[["STAT3",10,10]]]	["Dol: +20% Enhanced Damage","Io: +10 to Vitality"]	{}	[["7bw","Lich Wand","elite"],["7gw","Unearthed Wand","elite"],["7wn","Polished Wand","elite"],["7yw","Ghost Wand","elite"],["9bw","Tomb Wand","exceptional"],["9gw","Grave Wand","exceptional"],["9yw","Petrified Wand","exceptional"],["bwn","Bone Wand","normal"],["gwn","Grim Wand","normal"]]
RW	Zephyr	Runeword170	weapon	2	Ort Eth	WEAPON	Missile Weapon, Javelin, Amazon Spear, Throwing Axe, Throwing Knife, Thrown Weapon	["EDAM","SK*","STAT119","STAT256","TABSK0","TABSK2"]	[[["FRW",25,25]],[["IAS",25,25]],[["EDAM",33,66]],[["AR",66,66]],[["MULTI201,15370",1,1]],[["DEF",25,25]]]	["+25% Faster Run/Walk","+25% Increased Attack Speed","+[33-66]% Enhanced Damage","+66 to Attack Rating","7% Chance to cast level 10 Twister when struck","+25 Defense"]	[[["STAT51",50,50],["STAT50",1,1]],[["STAT116",25,25]]]	["Ort: Adds 1-50 Lightning Damage","Eth: -25% Target Defense"]	{}	[["6cb","Great Bow","elite"],["6hb","Blade Bow","elite"],["6hx","Colossus Crossbow","elite"],["6l7","Crusader Bow","elite"],["6lb","Shadow Bow","elite"],["6lw","Hydra Bow","elite"],["6lx","Pellet Bow","elite"],["6mx","Gorgon Crossbow","elite"],["6rx","Demon Crossbow","elite"],["6s7","Diamond Bow","elite"],["6sb","Spider Bow","elite"],["6sw","Ward Bow","elite"],["7b8","Winged Axe","elite"],["7bk","Winged Knife","elite"],["7gl","Ghost Glaive","elite"],["7ja","Hyperion Javelin","elite"],["7pi","Stygian Pilum","elite"],["7s7","Balrog Spear","elite"],["7ta","Flying Axe","elite"],["7tk","Flying Knife","elite"],["7ts","Winged Harpoon","elite"],["8cb","Double Bow","exceptional"],["8hb","Razor Bow","exceptional"],["8hx","Ballista","exceptional"],["8l8","Large Siege Bow","exceptional"],["8lb","Cedar Bow","exceptional"],["8lw","Gothic Bow","exceptional"],["8lx","Arbalest","exceptional"],["8mx","Siege Crossbow","exceptional"],["8rx","Chu-Ko-Nu","exceptional"],["8s8","Short Siege Bow","exceptional"],["8sb","Edge Bow","exceptional"],["8sw","Rune Bow","exceptional"],["9b8","Hurlbat","exceptional"],["9bk","War Dart","exceptional"],["9gl","Spiculum","exceptional"],["9ja","War Javelin","exceptional"],["9pi","Great Pilum","exceptional"],["9s9","Simbilan","exceptional"],["9ta","Francisca","exceptional"],["9tk","Battle Dart","exceptional"],["9ts","Harpoon","exceptional"],["am1","Stag Bow","normal"],["am2","Reflex Bow","normal"],["am3","Maiden Spear","normal"],["am4","Maiden Pike","normal"],["am5","Maiden Javelin","normal"],["am6","Ashwood Bow","exceptional"],["am7","Ceremonial Bow","exceptional"],["am8","Ceremonial Spear","exceptional"],["am9","Ceremonial Pike","exceptional"],["ama","Ceremonial Javelin","exceptional"],["amb","Matriarchal Bow","elite"],["amc","Grand Matron Bow","elite"],["amd","Matriarchal Spear","elite"],["ame","Matriarchal Pike","elite"],["amf","Matriarchal Javelin","elite"],["bal","Balanced Axe","normal"],["bkf","Balanced Knife","normal"],["cbw","Composite Bow","normal"],["glv","Glaive","normal"],["hbw","Hunter's Bow","normal"],["hxb","Heavy Crossbow","normal"],["lbb","Long Battle Bow","normal"],["lbw","Long Bow","normal"],["lwb","Long War Bow","normal"],["lxb","Light Crossbow","normal"],["mxb","Crossbow","normal"],["pil","Pilum","normal"],["rxb","Repeating Crossbow","normal"],["sbb","Short Battle Bow","normal"],["sbw","Short Bow","normal"],["ssp","Short Spear","normal"],["swb","Short War Bow","normal"],["tsp","Throwing Spear","normal"]]
RW	Chains of Honor	Runeword14	armor	4	Dol Um Ber Ist	CHEST	Armor	["EDEF"]	[[["RES",35,45],["FRES",35,45],["LRES",35,45],["CRES",35,45],["PRES",35,45]],[["EDEF",70,70]],[["STAT121",200,200]],[["STAT122",200,200]],[["STAT60",8,12]],[["ALLSK",2,2]],[["STR",20,20]]]	["All Resistances +[35-45]","+70% Enhanced Defense","+200% Damage to Demons","+200% Damage to Undead","[8-12]% Life stolen per hit","+2 to All Skills","+20 to Strength"]	[[["STAT74",20,20]],[["RES",15,15],["FRES",15,15],["LRES",15,15],["CRES",15,15],["PRES",15,15]],[["STAT36",6,6]],[["MFIND",30,30]]]	["Dol: Replenish Life +20","Um: All Resistances +15","Ber: Physical Damage Taken Reduced by 6%","Ist: 30% Better Chance of Getting Magic Items"]	{}	[["aar","Ancient Armor","normal"],["ful","Full Plate Mail","normal"],["gth","Gothic Plate","normal"],["uar","Sacred Armor","elite"],["ucl","Loricated Mail","elite"],["uea","Wyrmhide","elite"],["uhn","Boneweave","elite"],["ula","Scarab Husk","elite"],["uld","Kraken Shell","elite"],["ult","Hellforge Plate","elite"],["ung","Diamond Mail","elite"],["upl","Balrog Skin","elite"],["urs","Great Hauberk","elite"],["uth","Lacquered Plate","elite"],["utp","Archon Plate","elite"],["utu","Wire Fleece","elite"],["uui","Dusk Shroud","elite"],["uul","Shadow Plate","elite"],["xar","Ornate Plate","exceptional"],["xth","Embossed Plate","exceptional"],["xul","Chaos Armor","exceptional"]]
RW	Bramble	Runeword9	armor	4	Ral Ohm Sur Eth	CHEST	Armor	["EDEF"]	[[["FHR",50,50]],[["DEF",300,300]],[["MULTI151,103",18,21]],[["STAT86",4,6]],[["STAT332",40,50]],[["PRES",100,100]],[["MULTI204,15757",1,1]]]	["+50% Faster Hit Recovery","+300 Defense","Level [18-21] Thorns Aura When Equipped","+[4-6] Life after each Kill","+[40-50]% to Poison Skill Damage","Poison Resist +100%","Level 13 Spirit of Barbs (33/33 Charges)"]	[[["FRES",30,30]],[["STAT44",4,4]],[["STAT77",5,5]],[["STAT27",15,15]]]	["Ral: Fire Resist +30%","Ohm: +4% to Maximum Cold Resist","Sur: Increase Maximum Mana 5%","Eth: Regenerate Mana 15%"]	{}	[["aar","Ancient Armor","normal"],["ful","Full Plate Mail","normal"],["gth","Gothic Plate","normal"],["uar","Sacred Armor","elite"],["ucl","Loricated Mail","elite"],["uea","Wyrmhide","elite"],["uhn","Boneweave","elite"],["ula","Scarab Husk","elite"],["uld","Kraken Shell","elite"],["ult","Hellforge Plate","elite"],["ung","Diamond Mail","elite"],["upl","Balrog Skin","elite"],["urs","Great Hauberk","elite"],["uth","Lacquered Plate","elite"],["utp","Archon Plate","elite"],["utu","Wire Fleece","elite"],["uui","Dusk Shroud","elite"],["uul","Shadow Plate","elite"],["xar","Ornate Plate","exceptional"],["xth","Embossed Plate","exceptional"],["xul","Chaos Armor","exceptional"]]
RW	Breath of the Dying	Runeword11	weapon	6	Vex Hel El Eld Zod Eth	WEAPON	Weapon	["EDAM","FCR","SK*","STAT119","TABSK2"]	[[["IAS",60,60]],[["STAT122",125,125]],[["STAT60",8,12]],[["STAT117",1,1]],[["MULTI198,5928",1,1]],[["EDAM",350,400]],[["ALLATTRIB",30,30],["STR",30,30],["STAT1",30,30],["DEX",30,30],["STAT3",30,30]]]	["+60% Increased Attack Speed","+125% Damage to Undead","[8-12]% Life stolen per hit","Prevent Monster Heal","35% Chance to cast level 40 Poison Nova on striking","+[350-400]% Enhanced Damage","+30 to all Attributes"]	[[["STAT62",7,7]],[["STAT91",-20,-20]],[["STAT89",1,1]],[["AR",50,50]],[["STAT124",50,50]],[["STAT122",75,75]],[["STAT152",1,1]],[["STAT116",25,25]]]	["Vex: 7% Mana stolen per hit","Hel: Requirements -20%","El: +1 to Light Radius","El: +50 to Attack Rating","Eld: +50 to Attack Rating against Undead","Eld: +75% Damage to Undead","Zod: Indestructible","Eth: -25% Target Defense"]	{}	[["6hx","Colossus Crossbow","elite"],["6l7","Crusader Bow","elite"],["6lb","Shadow Bow","elite"],["6lw","Hydra Bow","elite"],["6ws","Archon Staff","elite"],["7cr","Phase Blade","elite"],["7cr2","Phase Blade","elite"],["7ga","Champion Axe","elite"],["7gd","Colossus Blade","elite"],["7gi","Glorious Axe","elite"],["7gm","Thunder Maul","elite"],["7h7","Great Poleaxe","elite"],["7m7","Ogre Maul","elite"],["7mp","War Spike","elite"],["7p7","War Pike","elite"],["7sr","Hyperion Spear","elite"],["7st","Ghost Spear","elite"],["7wa","Berserker Axe","elite"],["7wc","Giant Thresher","elite"],["8hx","Ballista","exceptional"],["8l8","Large Siege Bow","exceptional"],["8lw","Gothic Bow","exceptional"],["8ws","Rune Staff","exceptional"],["9cr","Dimensional Blade","exceptional"],["9ga","Gothic Axe","exceptional"],["9gd","Executioner Sword","exceptional"],["9gi","Ancient Axe","exceptional"],["9gm","Martel de Fer","exceptional"],["9h9","Bec-de-Corbin","exceptional"],["9m9","War Club","exceptional"],["9mp","Crowbill","exceptional"],["9p9","Lance","exceptional"],["9st","Yari","exceptional"],["9wa","Naga","exceptional"],["9wc","Grim Scythe","exceptional"],["am3","Maiden Spear","normal"],["am4","Maiden Pike","normal"],["am8","Ceremonial Spear","exceptional"],["am9","Ceremonial Pike","exceptional"],["amd","Matriarchal Spear","elite"],["ame","Matriarchal Pike","elite"],["crs","Crystal Sword","normal"],["gax","Great Axe","normal"],["gix","Giant Axe","normal"],["gma","Great Maul","normal"],["gsd","Great Sword","normal"],["hal","Halberd","normal"],["hxb","Heavy Crossbow","normal"],["lbb","Long Battle Bow","normal"],["lwb","Long War Bow","normal"],["mau","Maul","normal"],["mpi","Military Pick","normal"],["pik","Pike","normal"],["spt","Spetum","normal"],["wax","War Axe","normal"],["wsc","War Scythe","normal"],["wst","War Staff","normal"]]
RW	Call to Arms	Runeword13	weapon	5	Amn Ral Mal Ist Ohm	WEAPON	Weapon, not Missile Weapon	["EDAM","FCR","SK*","STAT119","TABSK2"]	[[["IAS",40,40]],[["EDAM",200,240]],[["ALLSK",1,1]],[["OS155",2,6]],[["OS149",2,6]],[["OS146",1,3]],[["STAT74",12,12]]]	["+40% Increased Attack Speed","+[200-240]% Enhanced Damage","+1 to All Skills","+[2-6] to Battle Command","+[2-6] to Battle Orders","+[1-3] to Battle Cry","Replenish Life +12"]	[[["STAT60",7,7]],[["STAT49",30,30],["STAT48",5,5]],[["STAT117",1,1]],[["MFIND",30,30]],[["EDAM",45,45]]]	["Amn: 7% Life stolen per hit","Ral: Adds 5-30 Fire Damage","Mal: Prevent Monster Heal","Ist: 30% Better Chance of Getting Magic Items","Ohm: +45% Enhanced Damage"]	{}	[["2ax","Double Axe","normal"],["6ws","Archon Staff","elite"],["72a","Ettin Axe","elite"],["7ba","Silver-edged Axe","elite"],["7br","Mancatcher","elite"],["7bt","Decapitator","elite"],["7cr","Phase Blade","elite"],["7cr2","Phase Blade","elite"],["7fb","Colossus Sword","elite"],["7fl","Scourge","elite"],["7ga","Champion Axe","elite"],["7gd","Colossus Blade","elite"],["7gi","Glorious Axe","elite"],["7gm","Thunder Maul","elite"],["7h7","Great Poleaxe","elite"],["7la","Feral Axe","elite"],["7ls","Cryptic Sword","elite"],["7m7","Ogre Maul","elite"],["7mp","War Spike","elite"],["7p7","War Pike","elite"],["7pa","Cryptic Axe","elite"],["7s8","Thresher","elite"],["7sr","Hyperion Spear","elite"],["7st","Ghost Spear","elite"],["7wa","Berserker Axe","elite"],["7wc","Giant Thresher","elite"],["7ws","Caduceus","elite"],["8ws","Rune Staff","exceptional"],["92a","Twin Axe","exceptional"],["9ba","Bearded Axe","exceptional"],["9br","War Fork","exceptional"],["9bt","Tabar","exceptional"],["9cr","Dimensional Blade","exceptional"],["9fb","Zweihander","exceptional"],["9fl","Knout","exceptional"],["9ga","Gothic Axe","exceptional"],["9gd","Executioner Sword","exceptional"],["9gi","Ancient Axe","exceptional"],["9gm","Martel de Fer","exceptional"],["9h9","Bec-de-Corbin","exceptional"],["9la","Military Axe","exceptional"],["9ls","Rune Sword","exceptional"],["9m9","War Club","exceptional"],["9mp","Crowbill","exceptional"],["9p9","Lance","exceptional"],["9pa","Partizan","exceptional"],["9s8","Battle Scythe","exceptional"],["9st","Yari","exceptional"],["9wa","Naga","exceptional"],["9wc","Grim Scythe","exceptional"],["9ws","Divine Scepter","exceptional"],["am3","Maiden Spear","normal"],["am4","Maiden Pike","normal"],["am8","Ceremonial Spear","exceptional"],["am9","Ceremonial Pike","exceptional"],["amd","Matriarchal Spear","elite"],["ame","Matriarchal Pike","elite"],["bax","Broad Axe","normal"],["brn","Brandistock","normal"],["btx","Battle Axe","normal"],["crs","Crystal Sword","normal"],["fla","Flail","normal"],["flb","Flamberge","normal"],["gax","Great Axe","normal"],["gix","Giant Axe","normal"],["gma","Great Maul","normal"],["gsd","Great Sword","normal"],["hal","Halberd","normal"],["hfh","Hell Forge Hammer","normal"],["mau","Maul","normal"],["mpi","Military Pick","normal"],["pax","Poleaxe","normal"],["pik","Pike","normal"],["scy","Scythe","normal"],["spt","Spetum","normal"],["wax","War Axe","normal"],["wsc","War Scythe","normal"],["wsp","War Scepter","normal"],["wst","War Staff","normal"]]
RW	Crescent Moon	Runeword17	weapon	3	Shael Um Tir	WEAPON	Axe, Sword, Hand to Hand, Thrown Weapon, Throwing Axe, Scepter	["EDAM","SK*","STAT119"]	[[["STAT334",10,15]],[["STAT115",1,1]],[["EDAM",180,220]],[["STAT147",3,5]],[["MULTI204,14546",1,1]],[["MULTI198,2701",1,1]],[["MULTI198,3163",1,1]]]	["-[10-15]% to Enemy Lightning Resistance","Ignore Target's Defense","+[180-220]% Enhanced Damage","+[3-5] Magic Absorb","Level 18 Summon Spirit Wolf (30/30 Charges)","12% Chance to cast level 13 Static Field on striking","10% Chance to cast level 27 Lightning on striking"]	[[["IAS",20,20]],[["STAT135",10,10]],[["STAT501",120,120]],[["STAT138",2,2]]]	["Shael: +20% Increased Attack Speed","Um: +10% Chance of Open Wounds","Um: +120 Open Wounds Damage Per Second","Tir: +2 to Mana after each Kill"]	{}	[["2ax","Double Axe","normal"],["2hs","Two-Handed Sword","normal"],["72a","Ettin Axe","elite"],["72h","Legend Sword","elite"],["7ar","Suwayyah","elite"],["7ax","Small Crescent","elite"],["7b7","Champion Sword","elite"],["7b8","Winged Axe","elite"],["7ba","Silver-edged Axe","elite"],["7bs","Conquest Sword","elite"],["7bt","Decapitator","elite"],["7cm","Highland Blade","elite"],["7cr","Phase Blade","elite"],["7cr2","Phase Blade","elite"],["7cs","Battle Cestus","elite"],["7fb","Colossus Sword","elite"],["7fc","Hydra Edge","elite"],["7ga","Champion Axe","elite"],["7gd","Colossus Blade","elite"],["7gi","Glorious Axe","elite"],["7gl","Ghost Glaive","elite"],["7gs","Balrog Blade","elite"],["7ha","Tomahawk","elite"],["7la","Feral Axe","elite"],["7ls","Cryptic Sword","elite"],["7lw","Feral Claws","elite"],["7mp","War Spike","elite"],["7qr","Scissors Suwayyah","elite"],["7qs","Seraph Rod","elite"],["7sb","Elegant Blade","elite"],["7sc","Mighty Scepter","elite"],["7sm","Ataghan","elite"],["7ss","Falcata","elite"],["7ts","Winged Harpoon","elite"],["7tw","Runic Talons","elite"],["7wa","Berserker Axe","elite"],["7wb","Wrist Sword","elite"],["7wd","Mythical Sword","elite"],["7ws","Caduceus","elite"],["7xf","War Fist","elite"],["92a","Twin Axe","exceptional"],["92h","Espandon","exceptional"],["9ar","Quhab","exceptional"],["9ax","Cleaver","exceptional"],["9b8","Hurlbat","exceptional"],["9b9","Gothic Sword","exceptional"],["9ba","Bearded Axe","exceptional"],["9bs","Battle Sword","exceptional"],["9bt","Tabar","exceptional"],["9cm","Dacian Falx","exceptional"],["9cr","Dimensional Blade","exceptional"],["9cs","Hand Scythe","exceptional"],["9fb","Zweihander","exceptional"],["9fc","Tulwar","exceptional"],["9ga","Gothic Axe","exceptional"],["9gd","Executioner Sword","exceptional"],["9gi","Ancient Axe","exceptional"],["9gl","Spiculum","exceptional"],["9gs","Tusk Sword","exceptional"],["9ha","Hatchet","exceptional"],["9la","Military Axe","exceptional"],["9ls","Rune Sword","exceptional"],["9lw","Greater Claws","exceptional"],["9mp","Crowbill","exceptional"],["9qr","Scissors Quhab","exceptional"],["9qs","Holy Water Sprinkler","exceptional"],["9sb","Shamshir","exceptional"],["9sc","Rune Scepter","exceptional"],["9sm","Cutlass","exceptional"],["9ss","Gladius","exceptional"],["9ts","Harpoon","exceptional"],["9tw","Greater Talons","exceptional"],["9wa","Naga","exceptional"],["9wb","Wrist Spike","exceptional"],["9wd","Ancient Sword","exceptional"],["9ws","Divine Scepter","exceptional"],["9xf","Fascia","exceptional"],["axe","Axe","normal"],["bal","Balanced Axe","normal"],["bax","Broad Axe","normal"],["bsd","Broad Sword","normal"],["bsw","Bastard Sword","normal"],["btl","Blade Talons","normal"],["btx","Battle Axe","normal"],["clm","Claymore","normal"],["clw","Claws","normal"],["crs","Crystal Sword","normal"],["flb","Flamberge","normal"],["gax","Great Axe","normal"],["gis","Giant Sword","normal"],["gix","Giant Axe","normal"],["glv","Glaive","normal"],["gsc","Grand Scepter","normal"],["gsd","Great Sword","normal"],["lax","Large Axe","normal"],["lsd","Long Sword","normal"],["mpi","Military Pick","normal"],["skr","Scissors Katar","normal"],["tsp","Throwing Spear","normal"],["wax","War Axe","normal"],["wsd","War Sword","normal"],["wsp","War Scepter","normal"]]
RW	Delirium	Runeword22	armor	3	Lem Ist Io	CIRC,HELM	Helm	["EDEF","SK*"]	[[["MULTI198,5202",1,1]],[["MULTI204,5521",1,1]],[["MULTI201,4941",1,1]],[["DEF",261,261]],[["MULTI201,17486",1,1]],[["ALLSK",2,2]]]	["11% Chance to cast level 18 Confuse on striking","Level 17 Attract (60/60 Charges)","14% Chance to cast level 13 Terror when struck","+261 Defense","6% Chance to cast level 14 Mind Blast when struck","+2 to All Skills"]	[[["GFIND",50,50]],[["MFIND",30,30]],[["STAT3",10,10]]]	["Lem: 50% Extra Gold from Monsters","Ist: 30% Better Chance of Getting Magic Items","Io: +10 to Vitality"]	{}	[["ba1","Jawbone Cap","normal"],["ba2","Fanged Helm","normal"],["ba3","Horned Helm","normal"],["ba4","Assault Helmet","normal"],["ba5","Avenger Guard","normal"],["ba6","Jawbone Visor","exceptional"],["ba7","Lion Helm","exceptional"],["ba8","Rage Mask","exceptional"],["ba9","Savage Helmet","exceptional"],["baa","Slayer Guard","exceptional"],["bab","Carnage Helm","elite"],["bac","Fury Visor","elite"],["bad","Destroyer Helm","elite"],["bae","Conqueror Crown","elite"],["baf","Guardian Crown","elite"],["ci2","Tiara","exceptional"],["ci3","Diadem","elite"],["crn","Crown","normal"],["dr1","Wolf Head","normal"],["dr2","Hawk Helm","normal"],["dr3","Antlers","normal"],["dr4","Falcon Mask","normal"],["dr5","Spirit Mask","normal"],["dr6","Alpha Helm","exceptional"],["dr7","Griffon Headdress","exceptional"],["dr8","Hunter's Guise","exceptional"],["dr9","Sacred Feathers","exceptional"],["dra","Totemic Mask","exceptional"],["drb","Blood Spirit","elite"],["drc","Sun Spirit","elite"],["drd","Earth Spirit","elite"],["dre","Sky Spirit","elite"],["drf","Dream Spirit","elite"],["ghm","Great Helm","normal"],["msk","Mask","normal"],["uh9","Bone Visage","elite"],["uhm","Spired Helm","elite"],["urn","Corona","elite"],["usk","Demonhead","elite"],["xhm","Winged Helm","exceptional"],["xrn","Grand Crown","exceptional"],["xsk","Death Mask","exceptional"]]
RW	Doom	Runeword26	weapon	5	Hel Ohm Um Lo Cham	WEAPON	Axe, Polearm, Hammer, Spear, Sword, Scepter	["EDAM","SK*","STAT119","TABSK2"]	[[["EDAM",290,330]],[["MULTI151,114",16,16]],[["IAS",45,45]],[["STAT117",1,1]],[["STAT335",30,50]],[["ALLSK",2,2]],[["MULTI198,14674",1,1]]]	["+[290-330]% Enhanced Damage","Level 16 Holy Freeze Aura When Equipped","+45% Increased Attack Speed","Prevent Monster Heal","-[30-50]% to Enemy Cold Resistance","+2 to All Skills","10% Chance to cast level 18 Molten Boulder on striking"]	[[["STAT91",-20,-20]],[["EDAM",45,45]],[["STAT135",10,10]],[["STAT501",120,120]],[["STAT141",20,20]],[["STAT134",3,3]]]	["Hel: Requirements -20%","Ohm: +45% Enhanced Damage","Um: +10% Chance of Open Wounds","Um: +120 Open Wounds Damage Per Second","Lo: +20% Chance of Deadly Strike","Cham: Freezes target +3"]	{}	[["2ax","Double Axe","normal"],["72a","Ettin Axe","elite"],["7ba","Silver-edged Axe","elite"],["7br","Mancatcher","elite"],["7bt","Decapitator","elite"],["7cr","Phase Blade","elite"],["7cr2","Phase Blade","elite"],["7fb","Colossus Sword","elite"],["7ga","Champion Axe","elite"],["7gd","Colossus Blade","elite"],["7gi","Glorious Axe","elite"],["7gm","Thunder Maul","elite"],["7h7","Great Poleaxe","elite"],["7la","Feral Axe","elite"],["7ls","Cryptic Sword","elite"],["7m7","Ogre Maul","elite"],["7mp","War Spike","elite"],["7p7","War Pike","elite"],["7pa","Cryptic Axe","elite"],["7s8","Thresher","elite"],["7sr","Hyperion Spear","elite"],["7st","Ghost Spear","elite"],["7wa","Berserker Axe","elite"],["7wc","Giant Thresher","elite"],["7ws","Caduceus","elite"],["92a","Twin Axe","exceptional"],["9ba","Bearded Axe","exceptional"],["9br","War Fork","exceptional"],["9bt","Tabar","exceptional"],["9cr","Dimensional Blade","exceptional"],["9fb","Zweihander","exceptional"],["9ga","Gothic Axe","exceptional"],["9gd","Executioner Sword","exceptional"],["9gi","Ancient Axe","exceptional"],["9gm","Martel de Fer","exceptional"],["9h9","Bec-de-Corbin","exceptional"],["9la","Military Axe","exceptional"],["9ls","Rune Sword","exceptional"],["9m9","War Club","exceptional"],["9mp","Crowbill","exceptional"],["9p9","Lance","exceptional"],["9pa","Partizan","exceptional"],["9s8","Battle Scythe","exceptional"],["9st","Yari","exceptional"],["9wa","Naga","exceptional"],["9wc","Grim Scythe","exceptional"],["9ws","Divine Scepter","exceptional"],["am3","Maiden Spear","normal"],["am4","Maiden Pike","normal"],["am8","Ceremonial Spear","exceptional"],["am9","Ceremonial Pike","exceptional"],["amd","Matriarchal Spear","elite"],["ame","Matriarchal Pike","elite"],["bax","Broad Axe","normal"],["brn","Brandistock","normal"],["btx","Battle Axe","normal"],["crs","Crystal Sword","normal"],["flb","Flamberge","normal"],["gax","Great Axe","normal"],["gix","Giant Axe","normal"],["gma","Great Maul","normal"],["gsd","Great Sword","normal"],["hal","Halberd","normal"],["hfh","Hell Forge Hammer","normal"],["mau","Maul","normal"],["mpi","Military Pick","normal"],["pax","Poleaxe","normal"],["pik","Pike","normal"],["scy","Scythe","normal"],["spt","Spetum","normal"],["wax","War Axe","normal"],["wsc","War Scythe","normal"],["wsp","War Scepter","normal"]]
RW	Enigma	Runeword33	armor	3	Jah Ith Ber	CHEST	Armor	["EDEF"]	[[["DEF",500,775]],[["ALLSK",2,2]],[["FRW",25,25]],[["STAT220",4,6]],[],[["STAT240",4,6]],[["MULTI204,22849",1,1]]]	["+[500-775] Defense","+2 to All Skills","+25% Faster Run/Walk","+[0.5-0.75] to Strength (Based on Character Level)","Replenish 1 Charge in 3 Seconds","[0.5-0.75]% Better Chance of Getting Magic Items (Based on Character Level)","Level 1 Blink (5/5 Charges)"]	[[["STAT76",5,5]],[["DTM",15,15]],[["STAT36",6,6]]]	["Jah: Increase Maximum Life 5%","Ith: 15% Damage Taken Gained as Mana when Hit","Ber: Physical Damage Taken Reduced by 6%"]	{"STAT220":["STR",8],"STAT240":["MFIND",8]}	[["aar","Ancient Armor","normal"],["brs","Breast Plate","normal"],["ful","Full Plate Mail","normal"],["gth","Gothic Plate","normal"],["ltp","Light Plate","normal"],["rng","Ring Mail","normal"],["uar","Sacred Armor","elite"],["ucl","Loricated Mail","elite"],["uea","Wyrmhide","elite"],["uhn","Boneweave","elite"],["ula","Scarab Husk","elite"],["uld","Kraken Shell","elite"],["ult","Hellforge Plate","elite"],["ung","Diamond Mail","elite"],["upl","Balrog Skin","elite"],["urs","Great Hauberk","elite"],["uth","Lacquered Plate","elite"],["utp","Archon Plate","elite"],["utu","Wire Fleece","elite"],["uui","Dusk Shroud","elite"],["uul","Shadow Plate","elite"],["xar","Ornate Plate","exceptional"],["xcl","Tigulated Mail","exceptional"],["xhn","Mesh Armor","exceptional"],["xld","Sharktooth Armor","exceptional"],["xlt","Templar Coat","exceptional"],["xng","Linked Mail","exceptional"],["xpl","Russet Armor","exceptional"],["xrs","Cuirass","exceptional"],["xth","Embossed Plate","exceptional"],["xtp","Mage Plate","exceptional"],["xul","Chaos Armor","exceptional"]]
RW	Stone	Runeword137	armor	4	Shael Um Pul Lum	CHEST	Armor	["EDEF"]	[[["EDEF",200,290]],[["MULTI204,4816",1,1]],[["STAT152",1,1]],[["ALLSK",1,1]],[["STR",10,16],["STAT3",10,16]],[],[["FHR",40,40]]]	["+[200-290]% Enhanced Defense","Level 16 Clay Golem (36/36 Charges)","Indestructible","+1 to All Skills","+[10-16] to Strength","Replenish 1 Charge in 3 Seconds","+40% Faster Hit Recovery"]	[[["FHR",20,20]],[["RES",15,15],["FRES",15,15],["LRES",15,15],["CRES",15,15],["PRES",15,15]],[["EDEF",50,50]],[["STAT1",10,10]]]	["Shael: +20% Faster Hit Recovery","Um: All Resistances +15","Pul: +50% Enhanced Defense","Lum: +10 to Energy"]	{}	[["aar","Ancient Armor","normal"],["ful","Full Plate Mail","normal"],["gth","Gothic Plate","normal"],["uar","Sacred Armor","elite"],["ucl","Loricated Mail","elite"],["uea","Wyrmhide","elite"],["uhn","Boneweave","elite"],["ula","Scarab Husk","elite"],["uld","Kraken Shell","elite"],["ult","Hellforge Plate","elite"],["ung","Diamond Mail","elite"],["upl","Balrog Skin","elite"],["urs","Great Hauberk","elite"],["uth","Lacquered Plate","elite"],["utp","Archon Plate","elite"],["utu","Wire Fleece","elite"],["uui","Dusk Shroud","elite"],["uul","Shadow Plate","elite"],["xar","Ornate Plate","exceptional"],["xth","Embossed Plate","exceptional"],["xul","Chaos Armor","exceptional"]]
RW	Eternity	Runeword36	weapon	5	Amn Ber Ist Sol Sur	WEAPON	Melee Weapon	["EDAM","FCR","SK*","STAT119","TABSK2"]	[[["EDAM",260,310]],[["STAT152",1,1]],[["STAT444",6,6]],[["OS95",4,4]],[],[["MAXDMG",71,71],["MINDMG",61,61]],[["STAT153",1,1]]]	["+[260-310]% Enhanced Damage","Indestructible","+6 to Maximum Revives","+4 to Revive","Reanimate as: 10","Adds 61-71 Damage","Cannot Be Frozen"]	[[["STAT60",7,7]],[["STAT136",20,20]],[["MFIND",30,30]],[["MINDMG",9,9]],[["STAT86",4,4]]]	["Amn: 7% Life stolen per hit","Ber: +20% Chance of Crushing Blow","Ist: 30% Better Chance of Getting Magic Items","Sol: +9 to Minimum Damage","Sur: +4 Life after each Kill"]	{}	[["2ax","Double Axe","normal"],["6ws","Archon Staff","elite"],["72a","Ettin Axe","elite"],["7ba","Silver-edged Axe","elite"],["7br","Mancatcher","elite"],["7bt","Decapitator","elite"],["7cr","Phase Blade","elite"],["7cr2","Phase Blade","elite"],["7fb","Colossus Sword","elite"],["7fl","Scourge","elite"],["7ga","Champion Axe","elite"],["7gd","Colossus Blade","elite"],["7gi","Glorious Axe","elite"],["7gm","Thunder Maul","elite"],["7h7","Great Poleaxe","elite"],["7la","Feral Axe","elite"],["7ls","Cryptic Sword","elite"],["7m7","Ogre Maul","elite"],["7mp","War Spike","elite"],["7p7","War Pike","elite"],["7pa","Cryptic Axe","elite"],["7s8","Thresher","elite"],["7sr","Hyperion Spear","elite"],["7st","Ghost Spear","elite"],["7wa","Berserker Axe","elite"],["7wc","Giant Thresher","elite"],["7ws","Caduceus","elite"],["8ws","Rune Staff","exceptional"],["92a","Twin Axe","exceptional"],["9ba","Bearded Axe","exceptional"],["9br","War Fork","exceptional"],["9bt","Tabar","exceptional"],["9cr","Dimensional Blade","exceptional"],["9fb","Zweihander","exceptional"],["9fl","Knout","exceptional"],["9ga","Gothic Axe","exceptional"],["9gd","Executioner Sword","exceptional"],["9gi","Ancient Axe","exceptional"],["9gm","Martel de Fer","exceptional"],["9h9","Bec-de-Corbin","exceptional"],["9la","Military Axe","exceptional"],["9ls","Rune Sword","exceptional"],["9m9","War Club","exceptional"],["9mp","Crowbill","exceptional"],["9p9","Lance","exceptional"],["9pa","Partizan","exceptional"],["9s8","Battle Scythe","exceptional"],["9st","Yari","exceptional"],["9wa","Naga","exceptional"],["9wc","Grim Scythe","exceptional"],["9ws","Divine Scepter","exceptional"],["am3","Maiden Spear","normal"],["am4","Maiden Pike","normal"],["am8","Ceremonial Spear","exceptional"],["am9","Ceremonial Pike","exceptional"],["amd","Matriarchal Spear","elite"],["ame","Matriarchal Pike","elite"],["bax","Broad Axe","normal"],["brn","Brandistock","normal"],["btx","Battle Axe","normal"],["crs","Crystal Sword","normal"],["fla","Flail","normal"],["flb","Flamberge","normal"],["gax","Great Axe","normal"],["gix","Giant Axe","normal"],["gma","Great Maul","normal"],["gsd","Great Sword","normal"],["hal","Halberd","normal"],["hfh","Hell Forge Hammer","normal"],["mau","Maul","normal"],["mpi","Military Pick","normal"],["pax","Poleaxe","normal"],["pik","Pike","normal"],["scy","Scythe","normal"],["spt","Spetum","normal"],["wax","War Axe","normal"],["wsc","War Scythe","normal"],["wsp","War Scepter","normal"],["wst","War Staff","normal"]]
RW	Exile	Runeword37	shield	4	Vex Ohm Ist Dol	SHIELD	Any Shield	["AR","CRES","EDAM","EDEF","FRES","LRES","PRES","RES"]	[[["FBR",30,30]],[["STAT134",1,1]],[["EDEF",220,260]],[["MULTI151,104",13,16]],[["TABSK25",2,2]],[["MULTI198,28562",1,1]],[]]	["+30% Faster Block Rate","Freezes target +1","+[220-260]% Enhanced Defense","Level [13-16] Defiance Aura When Equipped","+2 to Offensive Auras (Paladin Only)","25% Chance to cast level 18 Decrepify on striking","Repairs %d durability per second 0"]	[[["STAT40",4,4]],[["STAT44",4,4]],[["MFIND",30,30]],[["STAT74",30,30]]]	["Vex: +4% to Maximum Fire Resist","Ohm: +4% to Maximum Cold Resist","Ist: 30% Better Chance of Getting Magic Items","Dol: Replenish Life +30"]	{}	[["pa1","Targe","normal"],["pa2","Rondache","normal"],["pa3","Heraldic Shield","normal"],["pa4","Aerin Shield","normal"],["pa5","Crown Shield","normal"],["pa6","Akaran Targe","exceptional"],["pa7","Akaran Rondache","exceptional"],["pa8","Protector Shield","exceptional"],["pa9","Gilded Shield","exceptional"],["paa","Royal Shield","exceptional"],["pab","Sacred Targe","elite"],["pac","Sacred Rondache","elite"],["pad","Kurast Shield","elite"],["pae","Zakarum Shield","elite"],["paf","Vortex Shield","elite"],["uit","Monarch","elite"],["uow","Aegis","elite"],["uts","Ward","elite"]]
RW	Famine	Runeword39	weapon	4	Fal Ohm Ort Jah	WEAPON	Axe, Hammer, Sword	["EDAM","STAT119"]	[[["EDAM",280,330]],[["STAT335",10,15]],[["IAS",30,30]],[["STAT333",10,15]],[["STAT334",10,15]],[["STAT48",100,100],["STAT49",225,225],["STAT50",100,100],["STAT51",225,225],["STAT54",100,100],["STAT55",225,225]],[["STAT49",25,25],["STAT48",25,25]]]	["+[280-330]% Enhanced Damage","-[10-15]% to Enemy Cold Resistance","+30% Increased Attack Speed","-[10-15]% to Enemy Fire Resistance","-[10-15]% to Enemy Lightning Resistance","Adds 100-225 Fire, Lightning and Cold Damage","+25 Fire Damage"]	[[["STR",10,10]],[["EDAM",45,45]],[["STAT51",50,50],["STAT50",1,1]],[["STAT115",1,1]]]	["Fal: +10 to Strength","Ohm: +45% Enhanced Damage","Ort: Adds 1-50 Lightning Damage","Jah: Ignore Target's Defense"]	{}	[["2ax","Double Axe","normal"],["72a","Ettin Axe","elite"],["7ax","Small Crescent","elite"],["7b7","Champion Sword","elite"],["7ba","Silver-edged Axe","elite"],["7bs","Conquest Sword","elite"],["7bt","Decapitator","elite"],["7cm","Highland Blade","elite"],["7cr","Phase Blade","elite"],["7cr2","Phase Blade","elite"],["7fb","Colossus Sword","elite"],["7ga","Champion Axe","elite"],["7gd","Colossus Blade","elite"],["7gi","Glorious Axe","elite"],["7gm","Thunder Maul","elite"],["7gs","Balrog Blade","elite"],["7la","Feral Axe","elite"],["7ls","Cryptic Sword","elite"],["7m7","Ogre Maul","elite"],["7mp","War Spike","elite"],["7wa","Berserker Axe","elite"],["7wh","Legendary Mallet","elite"],["92a","Twin Axe","exceptional"],["9ax","Cleaver","exceptional"],["9b9","Gothic Sword","exceptional"],["9ba","Bearded Axe","exceptional"],["9bs","Battle Sword","exceptional"],["9bt","Tabar","exceptional"],["9cm","Dacian Falx","exceptional"],["9cr","Dimensional Blade","exceptional"],["9fb","Zweihander","exceptional"],["9ga","Gothic Axe","exceptional"],["9gd","Executioner Sword","exceptional"],["9gi","Ancient Axe","exceptional"],["9gm","Martel de Fer","exceptional"],["9gs","Tusk Sword","exceptional"],["9la","Military Axe","exceptional"],["9ls","Rune Sword","exceptional"],["9m9","War Club","exceptional"],["9mp","Crowbill","exceptional"],["9wa","Naga","exceptional"],["9wh","Battle Hammer","exceptional"],["axe","Axe","normal"],["bax","Broad Axe","normal"],["bsd","Broad Sword","normal"],["bsw","Bastard Sword","normal"],["btx","Battle Axe","normal"],["clm","Claymore","normal"],["crs","Crystal Sword","normal"],["flb","Flamberge","normal"],["gax","Great Axe","normal"],["gis","Giant Sword","normal"],["gix","Giant Axe","normal"],["gma","Great Maul","normal"],["gsd","Great Sword","normal"],["hfh","Hell Forge Hammer","normal"],["lax","Large Axe","normal"],["lsd","Long Sword","normal"],["mau","Maul","normal"],["mpi","Military Pick","normal"],["wax","War Axe","normal"],["whm","War Hammer","normal"]]
RW	Hand of Justice	Runeword48	weapon	4	Sur Cham Amn Lo	WEAPON	Weapon	["EDAM","FCR","LIFE","MANA","SK*","STAT119","TABSK0","TABSK2"]	[[["IAS",33,33]],[["EDAM",280,330]],[["MULTI151,102",12,12]],[["MULTI199,2980",1,1]],[["MULTI197,3632",1,1]],[["STAT115",1,1]],[["STAT333",10,20]]]	["+33% Increased Attack Speed","+[280-330]% Enhanced Damage","Level 12 Holy Fire Aura When Equipped","100% Chance to cast level 36 Blaze when you Level-Up","100% Chance to cast level 48 Meteor when you Die","Ignore Target's Defense","-[10-20]% to Enemy Fire Resistance"]	[[["STAT86",4,4]],[["STAT134",3,3]],[["STAT60",7,7]],[["STAT141",20,20]]]	["Sur: +4 Life after each Kill","Cham: Freezes target +3","Amn: 7% Life stolen per hit","Lo: +20% Chance of Deadly Strike"]	{}	[["2ax","Double Axe","normal"],["6bs","Shillelagh","elite"],["6cb","Great Bow","elite"],["6cs","Elder Staff","elite"],["6hb","Blade Bow","elite"],["6hx","Colossus Crossbow","elite"],["6l7","Crusader Bow","elite"],["6lb","Shadow Bow","elite"],["6ls","Stalagmite","elite"],["6lw","Hydra Bow","elite"],["6lx","Pellet Bow","elite"],["6mx","Gorgon Crossbow","elite"],["6rx","Demon Crossbow","elite"],["6s7","Diamond Bow","elite"],["6sb","Spider Bow","elite"],["6sw","Ward Bow","elite"],["6ws","Archon Staff","elite"],["72a","Ettin Axe","elite"],["7ax","Small Crescent","elite"],["7b7","Champion Sword","elite"],["7ba","Silver-edged Axe","elite"],["7br","Mancatcher","elite"],["7bs","Conquest Sword","elite"],["7bt","Decapitator","elite"],["7cm","Highland Blade","elite"],["7cr","Phase Blade","elite"],["7cr2","Phase Blade","elite"],["7fb","Colossus Sword","elite"],["7fl","Scourge","elite"],["7ga","Champion Axe","elite"],["7gd","Colossus Blade","elite"],["7gi","Glorious Axe","elite"],["7gm","Thunder Maul","elite"],["7gs","Balrog Blade","elite"],["7h7","Great Poleaxe","elite"],["7la","Feral Axe","elite"],["7ls","Cryptic Sword","elite"],["7m7","Ogre Maul","elite"],["7mp","War Spike","elite"],["7o7","Ogre Axe","elite"],["7p7","War Pike","elite"],["7pa","Cryptic Axe","elite"],["7s8","Thresher","elite"],["7sr","Hyperion Spear","elite"],["7st","Ghost Spear","elite"],["7tr","Stygian Pike","elite"],["7vo","Colossus Voulge","elite"],["7wa","Berserker Axe","elite"],["7wc","Giant Thresher","elite"],["7wh","Legendary Mallet","elite"],["7ws","Caduceus","elite"],["8bs","Gothic Staff","exceptional"],["8cb","Double Bow","exceptional"],["8cs","Cedar Staff","exceptional"],["8hb","Razor Bow","exceptional"],["8hx","Ballista","exceptional"],["8l8","Large Siege Bow","exceptional"],["8lb","Cedar Bow","exceptional"],["8lw","Gothic Bow","exceptional"],["8lx","Arbalest","exceptional"],["8mx","Siege Crossbow","exceptional"],["8rx","Chu-Ko-Nu","exceptional"],["8s8","Short Siege Bow","exceptional"],["8sb","Edge Bow","exceptional"],["8sw","Rune Bow","exceptional"],["8ws","Rune Staff","exceptional"],["92a","Twin Axe","exceptional"],["9ax","Cleaver","exceptional"],["9b7","Lochaber Axe","exceptional"],["9b9","Gothic Sword","exceptional"],["9ba","Bearded Axe","exceptional"],["9br","War Fork","exceptional"],["9bs","Battle Sword","exceptional"],["9bt","Tabar","exceptional"],["9cm","Dacian Falx","exceptional"],["9cr","Dimensional Blade","exceptional"],["9fb","Zweihander","exceptional"],["9fl","Knout","exceptional"],["9ga","Gothic Axe","exceptional"],["9gd","Executioner Sword","exceptional"],["9gi","Ancient Axe","exceptional"],["9gm","Martel de Fer","exceptional"],["9gs","Tusk Sword","exceptional"],["9h9","Bec-de-Corbin","exceptional"],["9la","Military Axe","exceptional"],["9ls","Rune Sword","exceptional"],["9m9","War Club","exceptional"],["9mp","Crowbill","exceptional"],["9p9","Lance","exceptional"],["9pa","Partizan","exceptional"],["9s8","Battle Scythe","exceptional"],["9sr","War Spear","exceptional"],["9st","Yari","exceptional"],["9tr","Fuscina","exceptional"],["9vo","Bill","exceptional"],["9wa","Naga","exceptional"],["9wc","Grim Scythe","exceptional"],["9wh","Battle Hammer","exceptional"],["9ws","Divine Scepter","exceptional"],["am1","Stag Bow","normal"],["am2","Reflex Bow","normal"],["am3","Maiden Spear","normal"],["am4","Maiden Pike","normal"],["am6","Ashwood Bow","exceptional"],["am7","Ceremonial Bow","exceptional"],["am8","Ceremonial Spear","exceptional"],["am9","Ceremonial Pike","exceptional"],["amb","Matriarchal Bow","elite"],["amc","Grand Matron Bow","elite"],["amd","Matriarchal Spear","elite"],["ame","Matriarchal Pike","elite"],["axe","Axe","normal"],["bax","Broad Axe","normal"],["brn","Brandistock","normal"],["bsd","Broad Sword","normal"],["bst","Battle Staff","normal"],["bsw","Bastard Sword","normal"],["btx","Battle Axe","normal"],["cbw","Composite Bow","normal"],["clm","Claymore","normal"],["crs","Crystal Sword","normal"],["cst","Gnarled Staff","normal"],["fla","Flail","normal"],["flb","Flamberge","normal"],["gax","Great Axe","normal"],["gis","Giant Sword","normal"],["gix","Giant Axe","normal"],["gma","Great Maul","normal"],["gsd","Great Sword","normal"],["hal","Halberd","normal"],["hbw","Hunter's Bow","normal"],["hfh","Hell Forge Hammer","normal"],["hst","Horadric Staff","normal"],["hxb","Heavy Crossbow","normal"],["lax","Large Axe","normal"],["lbb","Long Battle Bow","normal"],["lbw","Long Bow","normal"],["lsd","Long Sword","normal"],["lwb","Long War Bow","normal"],["mau","Maul","normal"],["mpi","Military Pick","normal"],["mxb","Crossbow","normal"],["ob1","Eagle Orb","normal"],["ob2","Sacred Globe","normal"],["ob3","Smoked Sphere","normal"],["ob4","Clasped Orb","normal"],["ob5","Jared's Stone","normal"],["ob6","Glowing Orb","exceptional"],["ob7","Crystalline Globe","exceptional"],["ob8","Cloudy Sphere","exceptional"],["ob9","Sparkling Ball","exceptional"],["oba","Swirling Crystal","exceptional"],["obb","Heavenly Stone","elite"],["obc","Eldritch Orb","elite"],["obd","Demon Heart","elite"],["obe","Vortex Orb","elite"],["obf","Dimensional Shard","elite"],["pax","Poleaxe","normal"],["pik","Pike","normal"],["rxb","Repeating Crossbow","normal"],["sbb","Short Battle Bow","normal"],["scy","Scythe","normal"],["spt","Spetum","normal"],["swb","Short War Bow","normal"],["tri","Trident","normal"],["vou","Voulge","normal"],["wax","War Axe","normal"],["whm","War Hammer","normal"],["wsc","War Scythe","normal"],["wsp","War Scepter","normal"],["wst","War Staff","normal"]]
RW	Heart of the Oak	Runeword51	weapon	4	Ko Vex Pul Thul	WEAPON	Staff, Mace	["EDAM","FCR","SK*","STAT119"]	[[["FCR",30,30]],[["MULTI204,14158",1,1]],[["STAT77",15,15]],[["ALLSK",3,3]],[["STAT74",20,20]],[["RES",20,30],["FRES",20,30],["LRES",20,30],["CRES",20,30],["PRES",20,30]],[["MULTI204,14468",1,1]]]	["+30% Faster Cast Rate","Level 14 Summon Ravens (60/60 Charges)","Increase Maximum Mana 15%","+3 to All Skills","Replenish Life +20","All Resistances +[20-30]","Level 4 Oak Sage (25/25 Charges)"]	[[["DEX",10,10]],[["STAT62",7,7]],[["STAT123",100,100]],[["STAT121",75,75]],[["STAT55",14,14],["STAT54",3,3]]]	["Ko: +10 to Dexterity","Vex: 7% Mana stolen per hit","Pul: +100 to Attack Rating against Demons","Pul: +75% Damage to Demons","Thul: Adds 3-14 Cold Damage"]	{}	[["6bs","Shillelagh","elite"],["6cs","Elder Staff","elite"],["6ls","Stalagmite","elite"],["6ws","Archon Staff","elite"],["7fl","Scourge","elite"],["8bs","Gothic Staff","exceptional"],["8cs","Cedar Staff","exceptional"],["8ws","Rune Staff","exceptional"],["9fl","Knout","exceptional"],["bst","Battle Staff","normal"],["cst","Gnarled Staff","normal"],["fla","Flail","normal"],["hst","Horadric Staff","normal"],["wst","War Staff","normal"]]
RW	Kingslayer	Runeword66	weapon	4	Mal Um Gul Fal	WEAPON	Sword, Axe	["EDAM","STAT119"]	[[["IAS",30,30]],[["EDAM",230,270]],[["STAT116",25,25]],[["STAT136",33,33]],[["STAT55",500,500],["STAT54",250,250]],[["OS111",10,10]],[]]	["+30% Increased Attack Speed","+[230-270]% Enhanced Damage","-25% Target Defense","+33% Chance of Crushing Blow","Adds 250-500 Cold Damage","+10 to Vengeance","Repairs %d durability per second 0"]	[[["STAT117",1,1]],[["STAT135",10,10]],[["STAT501",120,120]],[["STAT119",50,50]],[["STR",10,10]]]	["Mal: Prevent Monster Heal","Um: +10% Chance of Open Wounds","Um: +120 Open Wounds Damage Per Second","Gul: 50% Bonus to Attack Rating","Fal: +10 to Strength"]	{}	[["2ax","Double Axe","normal"],["72a","Ettin Axe","elite"],["7ax","Small Crescent","elite"],["7b7","Champion Sword","elite"],["7ba","Silver-edged Axe","elite"],["7bs","Conquest Sword","elite"],["7bt","Decapitator","elite"],["7cm","Highland Blade","elite"],["7cr","Phase Blade","elite"],["7cr2","Phase Blade","elite"],["7fb","Colossus Sword","elite"],["7ga","Champion Axe","elite"],["7gd","Colossus Blade","elite"],["7gi","Glorious Axe","elite"],["7gs","Balrog Blade","elite"],["7la","Feral Axe","elite"],["7ls","Cryptic Sword","elite"],["7mp","War Spike","elite"],["7wa","Berserker Axe","elite"],["92a","Twin Axe","exceptional"],["9ax","Cleaver","exceptional"],["9b9","Gothic Sword","exceptional"],["9ba","Bearded Axe","exceptional"],["9bs","Battle Sword","exceptional"],["9bt","Tabar","exceptional"],["9cm","Dacian Falx","exceptional"],["9cr","Dimensional Blade","exceptional"],["9fb","Zweihander","exceptional"],["9ga","Gothic Axe","exceptional"],["9gd","Executioner Sword","exceptional"],["9gi","Ancient Axe","exceptional"],["9gs","Tusk Sword","exceptional"],["9la","Military Axe","exceptional"],["9ls","Rune Sword","exceptional"],["9mp","Crowbill","exceptional"],["9wa","Naga","exceptional"],["axe","Axe","normal"],["bax","Broad Axe","normal"],["bsd","Broad Sword","normal"],["bsw","Bastard Sword","normal"],["btx","Battle Axe","normal"],["clm","Claymore","normal"],["crs","Crystal Sword","normal"],["flb","Flamberge","normal"],["gax","Great Axe","normal"],["gis","Giant Sword","normal"],["gix","Giant Axe","normal"],["gsd","Great Sword","normal"],["lax","Large Axe","normal"],["lsd","Long Sword","normal"],["mpi","Military Pick","normal"],["wax","War Axe","normal"]]
RW	Passion	Runeword95	weapon	4	Dol Ort Eld Lem	WEAPON	Weapon	["EDAM","FCR","LIFE","MANA","SK*","STAT119","TABSK0","TABSK2"]	[[["EDAM",160,210]],[["OS106",10,10]],[["STAT119",50,80]],[["OS144",10,10]],[["IAS",25,25]],[["MULTI204,15112",1,1]],[["STAT113",10,10]]]	["+[160-210]% Enhanced Damage","+10 to Zeal","[50-80]% Bonus to Attack Rating","+10 to Concentrate","+25% Increased Attack Speed","Level 8 Heart of Wolverine (36/36 Charges)","Hit Blinds Target +10"]	[[["EDAM",20,20]],[["STAT51",50,50],["STAT50",1,1]],[["STAT124",50,50]],[["STAT122",75,75]],[["GFIND",75,75]]]	["Dol: +20% Enhanced Damage","Ort: Adds 1-50 Lightning Damage","Eld: +50 to Attack Rating against Undead","Eld: +75% Damage to Undead","Lem: 75% Extra Gold from Monsters"]	{}	[["2ax","Double Axe","normal"],["6bs","Shillelagh","elite"],["6cb","Great Bow","elite"],["6cs","Elder Staff","elite"],["6hb","Blade Bow","elite"],["6hx","Colossus Crossbow","elite"],["6l7","Crusader Bow","elite"],["6lb","Shadow Bow","elite"],["6ls","Stalagmite","elite"],["6lw","Hydra Bow","elite"],["6lx","Pellet Bow","elite"],["6mx","Gorgon Crossbow","elite"],["6rx","Demon Crossbow","elite"],["6s7","Diamond Bow","elite"],["6sb","Spider Bow","elite"],["6sw","Ward Bow","elite"],["6ws","Archon Staff","elite"],["72a","Ettin Axe","elite"],["7ax","Small Crescent","elite"],["7b7","Champion Sword","elite"],["7ba","Silver-edged Axe","elite"],["7br","Mancatcher","elite"],["7bs","Conquest Sword","elite"],["7bt","Decapitator","elite"],["7cm","Highland Blade","elite"],["7cr","Phase Blade","elite"],["7cr2","Phase Blade","elite"],["7fb","Colossus Sword","elite"],["7fl","Scourge","elite"],["7ga","Champion Axe","elite"],["7gd","Colossus Blade","elite"],["7gi","Glorious Axe","elite"],["7gm","Thunder Maul","elite"],["7gs","Balrog Blade","elite"],["7h7","Great Poleaxe","elite"],["7la","Feral Axe","elite"],["7ls","Cryptic Sword","elite"],["7m7","Ogre Maul","elite"],["7mp","War Spike","elite"],["7o7","Ogre Axe","elite"],["7p7","War Pike","elite"],["7pa","Cryptic Axe","elite"],["7s8","Thresher","elite"],["7sr","Hyperion Spear","elite"],["7st","Ghost Spear","elite"],["7tr","Stygian Pike","elite"],["7vo","Colossus Voulge","elite"],["7wa","Berserker Axe","elite"],["7wc","Giant Thresher","elite"],["7wh","Legendary Mallet","elite"],["7ws","Caduceus","elite"],["8bs","Gothic Staff","exceptional"],["8cb","Double Bow","exceptional"],["8cs","Cedar Staff","exceptional"],["8hb","Razor Bow","exceptional"],["8hx","Ballista","exceptional"],["8l8","Large Siege Bow","exceptional"],["8lb","Cedar Bow","exceptional"],["8lw","Gothic Bow","exceptional"],["8lx","Arbalest","exceptional"],["8mx","Siege Crossbow","exceptional"],["8rx","Chu-Ko-Nu","exceptional"],["8s8","Short Siege Bow","exceptional"],["8sb","Edge Bow","exceptional"],["8sw","Rune Bow","exceptional"],["8ws","Rune Staff","exceptional"],["92a","Twin Axe","exceptional"],["9ax","Cleaver","exceptional"],["9b7","Lochaber Axe","exceptional"],["9b9","Gothic Sword","exceptional"],["9ba","Bearded Axe","exceptional"],["9br","War Fork","exceptional"],["9bs","Battle Sword","exceptional"],["9bt","Tabar","exceptional"],["9cm","Dacian Falx","exceptional"],["9cr","Dimensional Blade","exceptional"],["9fb","Zweihander","exceptional"],["9fl","Knout","exceptional"],["9ga","Gothic Axe","exceptional"],["9gd","Executioner Sword","exceptional"],["9gi","Ancient Axe","exceptional"],["9gm","Martel de Fer","exceptional"],["9gs","Tusk Sword","exceptional"],["9h9","Bec-de-Corbin","exceptional"],["9la","Military Axe","exceptional"],["9ls","Rune Sword","exceptional"],["9m9","War Club","exceptional"],["9mp","Crowbill","exceptional"],["9p9","Lance","exceptional"],["9pa","Partizan","exceptional"],["9s8","Battle Scythe","exceptional"],["9sr","War Spear","exceptional"],["9st","Yari","exceptional"],["9tr","Fuscina","exceptional"],["9vo","Bill","exceptional"],["9wa","Naga","exceptional"],["9wc","Grim Scythe","exceptional"],["9wh","Battle Hammer","exceptional"],["9ws","Divine Scepter","exceptional"],["am1","Stag Bow","normal"],["am2","Reflex Bow","normal"],["am3","Maiden Spear","normal"],["am4","Maiden Pike","normal"],["am6","Ashwood Bow","exceptional"],["am7","Ceremonial Bow","exceptional"],["am8","Ceremonial Spear","exceptional"],["am9","Ceremonial Pike","exceptional"],["amb","Matriarchal Bow","elite"],["amc","Grand Matron Bow","elite"],["amd","Matriarchal Spear","elite"],["ame","Matriarchal Pike","elite"],["axe","Axe","normal"],["bax","Broad Axe","normal"],["brn","Brandistock","normal"],["bsd","Broad Sword","normal"],["bst","Battle Staff","normal"],["bsw","Bastard Sword","normal"],["btx","Battle Axe","normal"],["cbw","Composite Bow","normal"],["clm","Claymore","normal"],["crs","Crystal Sword","normal"],["cst","Gnarled Staff","normal"],["fla","Flail","normal"],["flb","Flamberge","normal"],["gax","Great Axe","normal"],["gis","Giant Sword","normal"],["gix","Giant Axe","normal"],["gma","Great Maul","normal"],["gsd","Great Sword","normal"],["hal","Halberd","normal"],["hbw","Hunter's Bow","normal"],["hfh","Hell Forge Hammer","normal"],["hst","Horadric Staff","normal"],["hxb","Heavy Crossbow","normal"],["lax","Large Axe","normal"],["lbb","Long Battle Bow","normal"],["lbw","Long Bow","normal"],["lsd","Long Sword","normal"],["lwb","Long War Bow","normal"],["mau","Maul","normal"],["mpi","Military Pick","normal"],["mxb","Crossbow","normal"],["ob1","Eagle Orb","normal"],["ob2","Sacred Globe","normal"],["ob3","Smoked Sphere","normal"],["ob4","Clasped Orb","normal"],["ob5","Jared's Stone","normal"],["ob6","Glowing Orb","exceptional"],["ob7","Crystalline Globe","exceptional"],["ob8","Cloudy Sphere","exceptional"],["ob9","Sparkling Ball","exceptional"],["oba","Swirling Crystal","exceptional"],["obb","Heavenly Stone","elite"],["obc","Eldritch Orb","elite"],["obd","Demon Heart","elite"],["obe","Vortex Orb","elite"],["obf","Dimensional Shard","elite"],["pax","Poleaxe","normal"],["pik","Pike","normal"],["rxb","Repeating Crossbow","normal"],["sbb","Short Battle Bow","normal"],["scy","Scythe","normal"],["spt","Spetum","normal"],["swb","Short War Bow","normal"],["tri","Trident","normal"],["vou","Voulge","normal"],["wax","War Axe","normal"],["whm","War Hammer","normal"],["wsc","War Scythe","normal"],["wsp","War Scepter","normal"],["wst","War Staff","normal"]]
RW	Gloom	Runeword45	armor	3	Fal Um Pul	CHEST	Armor	["EDEF"]	[[["EDEF",170,230]],[["RES",30,30],["FRES",30,30],["LRES",30,30],["CRES",30,30],["PRES",30,30]],[["MULTI201,4553",1,1]],[["FHR",20,40]],[["DTM",5,5]],[["STAT504",20,20]],[["STAT118",1,1]]]	["+[170-230]% Enhanced Defense","All Resistances +30","15% Chance to cast level 9 Dim Vision when struck","+[20-40]% Faster Hit Recovery","5% Damage Taken Gained as Mana when Hit","Curse Resistance +20%","Half Freeze Duration"]	[[["STR",10,10]],[["RES",15,15],["FRES",15,15],["LRES",15,15],["CRES",15,15],["PRES",15,15]],[["EDEF",50,50]]]	["Fal: +10 to Strength","Um: All Resistances +15","Pul: +50% Enhanced Defense"]	{}	[["aar","Ancient Armor","normal"],["brs","Breast Plate","normal"],["ful","Full Plate Mail","normal"],["gth","Gothic Plate","normal"],["ltp","Light Plate","normal"],["rng","Ring Mail","normal"],["uar","Sacred Armor","elite"],["ucl","Loricated Mail","elite"],["uea","Wyrmhide","elite"],["uhn","Boneweave","elite"],["ula","Scarab Husk","elite"],["uld","Kraken Shell","elite"],["ult","Hellforge Plate","elite"],["ung","Diamond Mail","elite"],["upl","Balrog Skin","elite"],["urs","Great Hauberk","elite"],["uth","Lacquered Plate","elite"],["utp","Archon Plate","elite"],["utu","Wire Fleece","elite"],["uui","Dusk Shroud","elite"],["uul","Shadow Plate","elite"],["xar","Ornate Plate","exceptional"],["xcl","Tigulated Mail","exceptional"],["xhn","Mesh Armor","exceptional"],["xld","Sharktooth Armor","exceptional"],["xlt","Templar Coat","exceptional"],["xng","Linked Mail","exceptional"],["xpl","Russet Armor","exceptional"],["xrs","Cuirass","exceptional"],["xth","Embossed Plate","exceptional"],["xtp","Mage Plate","exceptional"],["xul","Chaos Armor","exceptional"]]
RW	Sanctuary	Runeword122	shield	3	Ko Ko Mal	SHIELD	Any Shield	["AR","CRES","EDAM","EDEF","FRES","LRES","PRES","RES","SK*","STAT35","STAT57","STAT58","STAT59","STAT78"]	[[["STAT20",20,20]],[["FBR",20,20]],[["EDEF",130,160]],[["MULTI204,1100",1,1]],[["RES",40,50],["FRES",40,50],["LRES",40,50],["CRES",40,50],["PRES",40,50]],[["FHR",20,20]],[["STAT153",1,1]]]	["20% Increased Chance of Blocking","+20% Faster Block Rate","+[130-160]% Enhanced Defense","Level 12 Slow Movement (60/60 Charges)","All Resistances +[40-50]","+20% Faster Hit Recovery","Cannot Be Frozen"]	[[["DEX",10,10]],[["DEX",10,10]],[["STAT35",9,9]]]	["Ko: +10 to Dexterity","Ko: +10 to Dexterity","Mal: Magic Damage Taken Reduced by 9"]	{}	[["gts","Gothic Shield","normal"],["kit","Kite Shield","normal"],["lrg","Large Shield","normal"],["ne6","Mummified Trophy","exceptional"],["ne7","Fetish Trophy","exceptional"],["ne8","Sexton Trophy","exceptional"],["ne9","Cantor Trophy","exceptional"],["nea","Hierophant Trophy","exceptional"],["neb","Minion Skull","elite"],["ned","Overseer Skull","elite"],["nee","Succubus Skull","elite"],["nef","Bloodlord Skull","elite"],["neg","Hellspawn Skull","elite"],["pa1","Targe","normal"],["pa2","Rondache","normal"],["pa3","Heraldic Shield","normal"],["pa4","Aerin Shield","normal"],["pa5","Crown Shield","normal"],["pa6","Akaran Targe","exceptional"],["pa7","Akaran Rondache","exceptional"],["pa8","Protector Shield","exceptional"],["pa9","Gilded Shield","exceptional"],["paa","Royal Shield","exceptional"],["pab","Sacred Targe","elite"],["pac","Sacred Rondache","elite"],["pad","Kurast Shield","elite"],["pae","Zakarum Shield","elite"],["paf","Vortex Shield","elite"],["spk","Spiked Shield","normal"],["tow","Tower Shield","normal"],["uit","Monarch","elite"],["uow","Aegis","elite"],["upk","Blade Barrier","elite"],["urg","Hyperion","elite"],["ush","Troll Nest","elite"],["uts","Ward","elite"],["xit","Dragon Shield","exceptional"],["xow","Pavise","exceptional"],["xpk","Barbed Shield","exceptional"],["xrg","Scutum","exceptional"],["xsh","Grim Shield","exceptional"],["xts","Ancient Shield","exceptional"]]
RW	Chaos	Runeword16	weapon	3	Fal Ohm Um	WEAPON	Hand to Hand	["EDAM","SK*","STAT119"]	[[["STAT139",15,15]],[["EDAM",200,250]],[["STAT53",400,400],["STAT52",200,200]],[["SK380",2,2]],[["MULTI198,2472",1,1]],[["MULTI198,4126",1,1]],[["STAT152",1,1]]]	["+15 Life after each Demon Kill","+[200-250]% Enhanced Damage","Adds 200-400 Magic Damage","+2 to Blade Dance (Assassin Only)","18% Chance to cast level 40 Charged Bolt on striking","20% Chance to cast level 30 Frozen Orb on striking","Indestructible"]	[[["STR",10,10]],[["EDAM",45,45]],[["STAT135",10,10]],[["STAT501",120,120]]]	["Fal: +10 to Strength","Ohm: +45% Enhanced Damage","Um: +10% Chance of Open Wounds","Um: +120 Open Wounds Damage Per Second"]	{}	[["7ar","Suwayyah","elite"],["7cs","Battle Cestus","elite"],["7lw","Feral Claws","elite"],["7qr","Scissors Suwayyah","elite"],["7tw","Runic Talons","elite"],["7wb","Wrist Sword","elite"],["7xf","War Fist","elite"],["9ar","Quhab","exceptional"],["9cs","Hand Scythe","exceptional"],["9lw","Greater Claws","exceptional"],["9qr","Scissors Quhab","exceptional"],["9tw","Greater Talons","exceptional"],["9wb","Wrist Spike","exceptional"],["9xf","Fascia","exceptional"],["btl","Blade Talons","normal"],["clw","Claws","normal"],["skr","Scissors Katar","normal"]]
RW	Beast	Runeword4	weapon	5	Ber Tir Um Mal Lum	WEAPON	Axe, Scepter, Hammer, Staff	["EDAM","FCR","SK*","STAT119"]	[[["IAS",40,40]],[["MULTI151,122",8,10]],[["EDAM",275,325]],[["OS242",6,6]],[["MULTI204,15821",1,1]],[["OS228",6,6]],[["OS233",6,6]]]	["+40% Increased Attack Speed","Level [8-10] Fanaticism Aura When Equipped","+[275-325]% Enhanced Damage","+6 to Hunger","Level 13 Summon Grizzly (35/35 Charges)","+6 to Werebear","+6 to Maul"]	[[["STAT136",20,20]],[["STAT138",2,2]],[["STAT135",10,10]],[["STAT501",120,120]],[["STAT117",1,1]],[["STAT1",10,10]]]	["Ber: +20% Chance of Crushing Blow","Tir: +2 to Mana after each Kill","Um: +10% Chance of Open Wounds","Um: +120 Open Wounds Damage Per Second","Mal: Prevent Monster Heal","Lum: +10 to Energy"]	{}	[["2ax","Double Axe","normal"],["6ws","Archon Staff","elite"],["72a","Ettin Axe","elite"],["7ba","Silver-edged Axe","elite"],["7bt","Decapitator","elite"],["7ga","Champion Axe","elite"],["7gi","Glorious Axe","elite"],["7gm","Thunder Maul","elite"],["7la","Feral Axe","elite"],["7m7","Ogre Maul","elite"],["7mp","War Spike","elite"],["7wa","Berserker Axe","elite"],["7ws","Caduceus","elite"],["8ws","Rune Staff","exceptional"],["92a","Twin Axe","exceptional"],["9ba","Bearded Axe","exceptional"],["9bt","Tabar","exceptional"],["9ga","Gothic Axe","exceptional"],["9gi","Ancient Axe","exceptional"],["9gm","Martel de Fer","exceptional"],["9la","Military Axe","exceptional"],["9m9","War Club","exceptional"],["9mp","Crowbill","exceptional"],["9wa","Naga","exceptional"],["9ws","Divine Scepter","exceptional"],["bax","Broad Axe","normal"],["btx","Battle Axe","normal"],["gax","Great Axe","normal"],["gix","Giant Axe","normal"],["gma","Great Maul","normal"],["hfh","Hell Forge Hammer","normal"],["mau","Maul","normal"],["mpi","Military Pick","normal"],["wax","War Axe","normal"],["wsp","War Scepter","normal"],["wst","War Staff","normal"]]
RW	Spirit	Runeword130	shield	4	Tal Thul Ort Amn	SHIELD	Any Shield	["AR","CRES","EDAM","EDEF","FRES","LRES","PRES","RES"]	[[["FHR",25,25]],[["MANA",59,82]],[["STAT91",-15,-15]],[["STAT3",11,22]],[["FCR",25,35]],[["STAT147",3,8]],[["ALLSK",1,1]]]	["+25% Faster Hit Recovery","+[59-82] to Mana","Requirements -15%","+[11-22] to Vitality","+[25-35]% Faster Cast Rate","+[3-8] Magic Absorb","+1 to All Skills"]	[[["PRES",35,35]],[["CRES",35,35]],[["LRES",35,35]],[["STAT78",24,24]]]	["Tal: Poison Resist +35%","Thul: Cold Resist +35%","Ort: Lightning Resist +35%","Amn: Attacker Takes Damage of 24"]	{}	[["pa1","Targe","normal"],["pa2","Rondache","normal"],["pa3","Heraldic Shield","normal"],["pa4","Aerin Shield","normal"],["pa5","Crown Shield","normal"],["pa6","Akaran Targe","exceptional"],["pa7","Akaran Rondache","exceptional"],["pa8","Protector Shield","exceptional"],["pa9","Gilded Shield","exceptional"],["paa","Royal Shield","exceptional"],["pab","Sacred Targe","elite"],["pac","Sacred Rondache","elite"],["pad","Kurast Shield","elite"],["pae","Zakarum Shield","elite"],["paf","Vortex Shield","elite"],["uit","Monarch","elite"],["uow","Aegis","elite"],["uts","Ward","elite"]]
RW	Spirit	Runeword130	weapon	4	Tal Thul Ort Amn	WEAPON	Sword	["EDAM","STAT119"]	[[["FHR",25,25]],[["MANA",59,82]],[["STAT91",-15,-15]],[["STAT3",11,22]],[["FCR",25,35]],[["STAT147",3,8]],[["ALLSK",1,1]]]	["+25% Faster Hit Recovery","+[59-82] to Mana","Requirements -15%","+[11-22] to Vitality","+[25-35]% Faster Cast Rate","+[3-8] Magic Absorb","+1 to All Skills"]	[[["STAT58",154,154],["STAT57",154,154]],[["STAT55",14,14],["STAT54",3,3]],[["STAT51",50,50],["STAT50",1,1]],[["STAT60",7,7]]]	["Tal: +75 Poison Damage over 5 Seconds","Thul: Adds 3-14 Cold Damage","Ort: Adds 1-50 Lightning Damage","Amn: 7% Life stolen per hit"]	{}	[["7b7","Champion Sword","elite"],["7bs","Conquest Sword","elite"],["7cm","Highland Blade","elite"],["7cr","Phase Blade","elite"],["7cr2","Phase Blade","elite"],["7fb","Colossus Sword","elite"],["7gd","Colossus Blade","elite"],["7gs","Balrog Blade","elite"],["7ls","Cryptic Sword","elite"],["9b9","Gothic Sword","exceptional"],["9bs","Battle Sword","exceptional"],["9cm","Dacian Falx","exceptional"],["9cr","Dimensional Blade","exceptional"],["9fb","Zweihander","exceptional"],["9gd","Executioner Sword","exceptional"],["9gs","Tusk Sword","exceptional"],["9ls","Rune Sword","exceptional"],["bsd","Broad Sword","normal"],["bsw","Bastard Sword","normal"],["clm","Claymore","normal"],["crs","Crystal Sword","normal"],["flb","Flamberge","normal"],["gis","Giant Sword","normal"],["gsd","Great Sword","normal"],["lsd","Long Sword","normal"]]
RW	Splendor	Runeword131	shield	2	Eth Lum	SHIELD	Any Shield	["AR","CRES","EDAM","EDEF","FRES","LRES","PRES","RES","SK*","STAT35","STAT57","STAT58","STAT59","STAT78"]	[[["STAT89",3,3]],[["GFIND",50,50]],[["MFIND",20,30]],[["EDEF",60,100]],[["FBR",20,20]],[["FCR",20,35]],[["ALLSK",1,1]]]	["+3 to Light Radius","50% Extra Gold from Monsters","[20-30]% Better Chance of Getting Magic Items","+[60-100]% Enhanced Defense","+20% Faster Block Rate","+[20-35]% Faster Cast Rate","+1 to All Skills"]	[[["STAT27",15,15]],[["STAT1",10,10]]]	["Eth: Regenerate Mana 15%","Lum: +10 to Energy"]	{}	[["bsh","Bone Shield","normal"],["gts","Gothic Shield","normal"],["kit","Kite Shield","normal"],["lrg","Large Shield","normal"],["ne1","Preserved Head","normal"],["ne2","Zombie Head","normal"],["ne3","Unraveller Head","normal"],["ne4","Gargoyle Head","normal"],["ne5","Demon Head","normal"],["ne6","Mummified Trophy","exceptional"],["ne7","Fetish Trophy","exceptional"],["ne8","Sexton Trophy","exceptional"],["ne9","Cantor Trophy","exceptional"],["nea","Hierophant Trophy","exceptional"],["neb","Minion Skull","elite"],["ned","Overseer Skull","elite"],["nee","Succubus Skull","elite"],["nef","Bloodlord Skull","elite"],["neg","Hellspawn Skull","elite"],["pa1","Targe","normal"],["pa2","Rondache","normal"],["pa3","Heraldic Shield","normal"],["pa4","Aerin Shield","normal"],["pa5","Crown Shield","normal"],["pa6","Akaran Targe","exceptional"],["pa7","Akaran Rondache","exceptional"],["pa8","Protector Shield","exceptional"],["pa9","Gilded Shield","exceptional"],["paa","Royal Shield","exceptional"],["pab","Sacred Targe","elite"],["pac","Sacred Rondache","elite"],["pad","Kurast Shield","elite"],["pae","Zakarum Shield","elite"],["paf","Vortex Shield","elite"],["sml","Small Shield","normal"],["spk","Spiked Shield","normal"],["tow","Tower Shield","normal"],["uit","Monarch","elite"],["uml","Luna","elite"],["uow","Aegis","elite"],["upk","Blade Barrier","elite"],["urg","Hyperion","elite"],["ush","Troll Nest","elite"],["uts","Ward","elite"],["uuc","Heater","elite"],["xit","Dragon Shield","exceptional"],["xml","Round Shield","exceptional"],["xow","Pavise","exceptional"],["xpk","Barbed Shield","exceptional"],["xrg","Scutum","exceptional"],["xsh","Grim Shield","exceptional"],["xts","Ancient Shield","exceptional"]]
RW	Duress	Runeword30	armor	3	Shael Um Thul	CHEST	Armor	["EDEF"]	[[["STAT55",133,133],["STAT54",37,37]],[["EDAM",40,80]],[["EDEF",150,200]],[["FHR",20,20]],[["STAT135",33,33]],[["STAT136",15,15]],[["STAT154",-20,-20]]]	["Adds 37-133 Cold Damage","+[40-80]% Enhanced Damage","+[150-200]% Enhanced Defense","+20% Faster Hit Recovery","+33% Chance of Open Wounds","+15% Chance of Crushing Blow","-20% Slower Stamina Drain"]	[[["FHR",20,20]],[["RES",15,15],["FRES",15,15],["LRES",15,15],["CRES",15,15],["PRES",15,15]],[["CRES",30,30]]]	["Shael: +20% Faster Hit Recovery","Um: All Resistances +15","Thul: Cold Resist +30%"]	{}	[["aar","Ancient Armor","normal"],["brs","Breast Plate","normal"],["ful","Full Plate Mail","normal"],["gth","Gothic Plate","normal"],["ltp","Light Plate","normal"],["rng","Ring Mail","normal"],["uar","Sacred Armor","elite"],["ucl","Loricated Mail","elite"],["uea","Wyrmhide","elite"],["uhn","Boneweave","elite"],["ula","Scarab Husk","elite"],["uld","Kraken Shell","elite"],["ult","Hellforge Plate","elite"],["ung","Diamond Mail","elite"],["upl","Balrog Skin","elite"],["urs","Great Hauberk","elite"],["uth","Lacquered Plate","elite"],["utp","Archon Plate","elite"],["utu","Wire Fleece","elite"],["uui","Dusk Shroud","elite"],["uul","Shadow Plate","elite"],["xar","Ornate Plate","exceptional"],["xcl","Tigulated Mail","exceptional"],["xhn","Mesh Armor","exceptional"],["xld","Sharktooth Armor","exceptional"],["xlt","Templar Coat","exceptional"],["xng","Linked Mail","exceptional"],["xpl","Russet Armor","exceptional"],["xrs","Cuirass","exceptional"],["xth","Embossed Plate","exceptional"],["xtp","Mage Plate","exceptional"],["xul","Chaos Armor","exceptional"]]
RW	Oath	Runeword91	weapon	4	Shael Pul Mal Lum	WEAPON	Sword, Axe, Mace	["EDAM","STAT119"]	[[["EDAM",210,340]],[["IAS",30,30]],[["MULTI198,5972",1,1]],[["STAT152",1,1]],[["MULTI204,15120",1,1]],[["STAT147",10,15]],[]]	["+[210-340]% Enhanced Damage","+30% Increased Attack Speed","30% Chance to cast level 20 Bone Spirit on striking","Indestructible","Level 16 Heart of Wolverine (20/20 Charges)","+[10-15] Magic Absorb","Replenish 1 Charge in 3 Seconds"]	[[["IAS",20,20]],[["STAT123",100,100]],[["STAT121",75,75]],[["STAT117",1,1]],[["STAT1",10,10]]]	["Shael: +20% Increased Attack Speed","Pul: +100 to Attack Rating against Demons","Pul: +75% Damage to Demons","Mal: Prevent Monster Heal","Lum: +10 to Energy"]	{}	[["2ax","Double Axe","normal"],["72a","Ettin Axe","elite"],["7ax","Small Crescent","elite"],["7b7","Champion Sword","elite"],["7ba","Silver-edged Axe","elite"],["7bs","Conquest Sword","elite"],["7bt","Decapitator","elite"],["7cm","Highland Blade","elite"],["7cr","Phase Blade","elite"],["7cr2","Phase Blade","elite"],["7fb","Colossus Sword","elite"],["7fl","Scourge","elite"],["7ga","Champion Axe","elite"],["7gd","Colossus Blade","elite"],["7gi","Glorious Axe","elite"],["7gs","Balrog Blade","elite"],["7la","Feral Axe","elite"],["7ls","Cryptic Sword","elite"],["7mp","War Spike","elite"],["7wa","Berserker Axe","elite"],["92a","Twin Axe","exceptional"],["9ax","Cleaver","exceptional"],["9b9","Gothic Sword","exceptional"],["9ba","Bearded Axe","exceptional"],["9bs","Battle Sword","exceptional"],["9bt","Tabar","exceptional"],["9cm","Dacian Falx","exceptional"],["9cr","Dimensional Blade","exceptional"],["9fb","Zweihander","exceptional"],["9fl","Knout","exceptional"],["9ga","Gothic Axe","exceptional"],["9gd","Executioner Sword","exceptional"],["9gi","Ancient Axe","exceptional"],["9gs","Tusk Sword","exceptional"],["9la","Military Axe","exceptional"],["9ls","Rune Sword","exceptional"],["9mp","Crowbill","exceptional"],["9wa","Naga","exceptional"],["axe","Axe","normal"],["bax","Broad Axe","normal"],["bsd","Broad Sword","normal"],["bsw","Bastard Sword","normal"],["btx","Battle Axe","normal"],["clm","Claymore","normal"],["crs","Crystal Sword","normal"],["fla","Flail","normal"],["flb","Flamberge","normal"],["gax","Great Axe","normal"],["gis","Giant Sword","normal"],["gix","Giant Axe","normal"],["gsd","Great Sword","normal"],["lax","Large Axe","normal"],["lsd","Long Sword","normal"],["mpi","Military Pick","normal"],["wax","War Axe","normal"]]
RW	Obedience	Runeword92	weapon	5	Hel Ko Thul Eth Fal	WEAPON	Polearm, Spear, Hammer	["EDAM","STAT119","TABSK2"]	[[["EDAM",280,320]],[["STAT136",40,40]],[["MULTI196,3349",1,1]],[["STAT333",25,25]],[["DEF",200,300]],[["FHR",40,40]],[["RES",20,30],["FRES",20,30],["LRES",20,30],["CRES",20,30],["PRES",20,30]]]	["+[280-320]% Enhanced Damage","+40% Chance of Crushing Blow","30% Chance to cast level 21 Enchant Fire when you Kill an Enemy","-25% to Enemy Fire Resistance","+[200-300] Defense","+40% Faster Hit Recovery","All Resistances +[20-30]"]	[[["STAT91",-20,-20]],[["DEX",10,10]],[["STAT55",14,14],["STAT54",3,3]],[["STAT116",25,25]],[["STR",10,10]]]	["Hel: Requirements -20%","Ko: +10 to Dexterity","Thul: Adds 3-14 Cold Damage","Eth: -25% Target Defense","Fal: +10 to Strength"]	{}	[["7br","Mancatcher","elite"],["7gm","Thunder Maul","elite"],["7h7","Great Poleaxe","elite"],["7m7","Ogre Maul","elite"],["7p7","War Pike","elite"],["7pa","Cryptic Axe","elite"],["7s8","Thresher","elite"],["7sr","Hyperion Spear","elite"],["7st","Ghost Spear","elite"],["7wc","Giant Thresher","elite"],["9br","War Fork","exceptional"],["9gm","Martel de Fer","exceptional"],["9h9","Bec-de-Corbin","exceptional"],["9m9","War Club","exceptional"],["9p9","Lance","exceptional"],["9pa","Partizan","exceptional"],["9s8","Battle Scythe","exceptional"],["9st","Yari","exceptional"],["9wc","Grim Scythe","exceptional"],["am3","Maiden Spear","normal"],["am4","Maiden Pike","normal"],["am8","Ceremonial Spear","exceptional"],["am9","Ceremonial Pike","exceptional"],["amd","Matriarchal Spear","elite"],["ame","Matriarchal Pike","elite"],["brn","Brandistock","normal"],["gma","Great Maul","normal"],["hal","Halberd","normal"],["hfh","Hell Forge Hammer","normal"],["mau","Maul","normal"],["pax","Poleaxe","normal"],["pik","Pike","normal"],["scy","Scythe","normal"],["spt","Spetum","normal"],["wsc","War Scythe","normal"]]
RW	Obsession	Runeword94	weapon	6	Zod Ist Lem Lum Io Nef	WEAPON	Staff	["EDAM","FCR","SK*","STAT119"]	[[["ALLSK",4,4]],[["FCR",15,15]],[["MULTI200,4626",1,1]],[["STAT76",15,25]],[["RES",60,70],["FRES",60,70],["LRES",60,70],["CRES",60,70],["PRES",60,70]],[["FHR",60,60]],[["STAT27",15,30]]]	["+4 to All Skills","+15% Faster Cast Rate","24% Chance to cast level 18 Weaken on casting","Increase Maximum Life [15-25]%","All Resistances +[60-70]","+60% Faster Hit Recovery","Regenerate Mana [15-30]%"]	[[["STAT152",1,1]],[["MFIND",30,30]],[["GFIND",75,75]],[["STAT1",10,10]],[["STAT3",10,10]],[["STAT81",1,1]]]	["Zod: Indestructible","Ist: 30% Better Chance of Getting Magic Items","Lem: 75% Extra Gold from Monsters","Lum: +10 to Energy","Io: +10 to Vitality","Nef: Knockback"]	{}	[["6ws","Archon Staff","elite"],["8ws","Rune Staff","exceptional"],["wst","War Staff","normal"]]
RW	Harmony	Runeword49	weapon	4	Tir Ith Sol Ko	WEAPON	Missile Weapon	["EDAM","STAT119","TABSK0"]	[[["EDAM",200,275]],[["STAT48",55,55],["STAT49",160,160],["STAT50",55,55],["STAT51",160,160],["STAT54",55,55],["STAT55",160,160]],[["MULTI204,6100",1,1]],[["MULTI151,115",10,10]],[["STAT27",20,20]],[["STAT89",2,2]],[["SK32",3,6]]]	["+[200-275]% Enhanced Damage","Adds 55-160 Fire, Lightning and Cold Damage","Level 20 Revive (25/25 Charges)","Level 10 Vigor Aura When Equipped","Regenerate Mana 20%","+2 to Light Radius","+[3-6] to Valkyrie (Amazon Only)"]	[[["STAT138",2,2]],[["MAXDMG",9,9]],[["MINDMG",9,9]],[["DEX",10,10]]]	["Tir: +2 to Mana after each Kill","Ith: +9 to Maximum Damage","Sol: +9 to Minimum Damage","Ko: +10 to Dexterity"]	{}	[["6cb","Great Bow","elite"],["6hb","Blade Bow","elite"],["6hx","Colossus Crossbow","elite"],["6l7","Crusader Bow","elite"],["6lb","Shadow Bow","elite"],["6lw","Hydra Bow","elite"],["6lx","Pellet Bow","elite"],["6mx","Gorgon Crossbow","elite"],["6rx","Demon Crossbow","elite"],["6s7","Diamond Bow","elite"],["6sb","Spider Bow","elite"],["6sw","Ward Bow","elite"],["8cb","Double Bow","exceptional"],["8hb","Razor Bow","exceptional"],["8hx","Ballista","exceptional"],["8l8","Large Siege Bow","exceptional"],["8lb","Cedar Bow","exceptional"],["8lw","Gothic Bow","exceptional"],["8lx","Arbalest","exceptional"],["8mx","Siege Crossbow","exceptional"],["8rx","Chu-Ko-Nu","exceptional"],["8s8","Short Siege Bow","exceptional"],["8sb","Edge Bow","exceptional"],["8sw","Rune Bow","exceptional"],["am1","Stag Bow","normal"],["am2","Reflex Bow","normal"],["am6","Ashwood Bow","exceptional"],["am7","Ceremonial Bow","exceptional"],["amb","Matriarchal Bow","elite"],["amc","Grand Matron Bow","elite"],["cbw","Composite Bow","normal"],["hbw","Hunter's Bow","normal"],["hxb","Heavy Crossbow","normal"],["lbb","Long Battle Bow","normal"],["lbw","Long Bow","normal"],["lwb","Long War Bow","normal"],["mxb","Crossbow","normal"],["rxb","Repeating Crossbow","normal"],["sbb","Short Battle Bow","normal"],["swb","Short War Bow","normal"]]
RW	Flickering Flame	Runeword40	armor	3	Nef Pul Vex	CIRC,HELM	Helm	["EDEF","SK*"]	[[["MULTI151,100",1,6]],[["MULTI126,1",2,2],["STAT363",2,2]],[["STAT333",5,10]],[["MANA",65,75]],[["STAT118",1,1]],[["STAT110",25,25]]]	["Level [1-6] Resist Fire Aura When Equipped","fireskill 2","-[5-10]% to Enemy Fire Resistance","+[65-75] to Mana","Half Freeze Duration","Poison Length Reduced by 25%"]	[[["STAT32",30,30]],[["EDEF",50,50]],[["STAT40",4,4]]]	["Nef: +30 Defense vs. Missile","Pul: +50% Enhanced Defense","Vex: +4% to Maximum Fire Resist"]	{}	[["ba1","Jawbone Cap","normal"],["ba2","Fanged Helm","normal"],["ba3","Horned Helm","normal"],["ba4","Assault Helmet","normal"],["ba5","Avenger Guard","normal"],["ba6","Jawbone Visor","exceptional"],["ba7","Lion Helm","exceptional"],["ba8","Rage Mask","exceptional"],["ba9","Savage Helmet","exceptional"],["baa","Slayer Guard","exceptional"],["bab","Carnage Helm","elite"],["bac","Fury Visor","elite"],["bad","Destroyer Helm","elite"],["bae","Conqueror Crown","elite"],["baf","Guardian Crown","elite"],["ci2","Tiara","exceptional"],["ci3","Diadem","elite"],["crn","Crown","normal"],["dr1","Wolf Head","normal"],["dr2","Hawk Helm","normal"],["dr3","Antlers","normal"],["dr4","Falcon Mask","normal"],["dr5","Spirit Mask","normal"],["dr6","Alpha Helm","exceptional"],["dr7","Griffon Headdress","exceptional"],["dr8","Hunter's Guise","exceptional"],["dr9","Sacred Feathers","exceptional"],["dra","Totemic Mask","exceptional"],["drb","Blood Spirit","elite"],["drc","Sun Spirit","elite"],["drd","Earth Spirit","elite"],["dre","Sky Spirit","elite"],["drf","Dream Spirit","elite"],["ghm","Great Helm","normal"],["msk","Mask","normal"],["uh9","Bone Visage","elite"],["uhm","Spired Helm","elite"],["urn","Corona","elite"],["usk","Demonhead","elite"],["xhm","Winged Helm","exceptional"],["xrn","Grand Crown","exceptional"],["xsk","Death Mask","exceptional"]]
RW	Fortitude	Runeword41	armor	4	El Sol Dol Lo	CHEST	Armor	["EDEF"]	[[["EDEF",200,200]],[["EDAM",250,300]],[["FCR",25,25]],[["DTM",12,12]],[["STAT216",2048,3072]],[["RES",25,30],["FRES",25,30],["LRES",25,30],["CRES",25,30],["PRES",25,30]]]	["+200% Enhanced Defense","+[250-300]% Enhanced Damage","+25% Faster Cast Rate","12% Damage Taken Gained as Mana when Hit","+[1-1.5] to Life (Based on Character Level)","All Resistances +[25-30]"]	[[["STAT89",1,1]],[["DEF",15,15]],[["STAT34",7,7]],[["STAT74",20,20]],[["STAT42",4,4]]]	["El: +1 to Light Radius","El: +15 Defense","Sol: Physical Damage Taken Reduced by 7","Dol: Replenish Life +20","Lo: +4% to Maximum Lightning Resist"]	{"STAT216":["LIFE",2048]}	[["aar","Ancient Armor","normal"],["ful","Full Plate Mail","normal"],["gth","Gothic Plate","normal"],["uar","Sacred Armor","elite"],["ucl","Loricated Mail","elite"],["uea","Wyrmhide","elite"],["uhn","Boneweave","elite"],["ula","Scarab Husk","elite"],["uld","Kraken Shell","elite"],["ult","Hellforge Plate","elite"],["ung","Diamond Mail","elite"],["upl","Balrog Skin","elite"],["urs","Great Hauberk","elite"],["uth","Lacquered Plate","elite"],["utp","Archon Plate","elite"],["utu","Wire Fleece","elite"],["uui","Dusk Shroud","elite"],["uul","Shadow Plate","elite"],["xar","Ornate Plate","exceptional"],["xth","Embossed Plate","exceptional"],["xul","Chaos Armor","exceptional"]]
RW	Faith	Runeword38	weapon	4	Ohm Jah Lem Eld	WEAPON	Missile Weapon	["EDAM","STAT119","TABSK0"]	[[["EDAM",280,300]],[["STAT119",300,300]],[["STAT49",120,120],["STAT48",120,120]],[["RES",15,15],["FRES",15,15],["LRES",15,15],["CRES",15,15],["PRES",15,15]],[["MULTI151,122",12,15]],[]]	["+[280-300]% Enhanced Damage","300% Bonus to Attack Rating","+120 Fire Damage","All Resistances +15","Level [12-15] Fanaticism Aura When Equipped","Reanimate as: [6-8]"]	[[["EDAM",45,45]],[["STAT115",1,1]],[["GFIND",75,75]],[["STAT124",50,50]],[["STAT122",75,75]]]	["Ohm: +45% Enhanced Damage","Jah: Ignore Target's Defense","Lem: 75% Extra Gold from Monsters","Eld: +50 to Attack Rating against Undead","Eld: +75% Damage to Undead"]	{}	[["6cb","Great Bow","elite"],["6hb","Blade Bow","elite"],["6hx","Colossus Crossbow","elite"],["6l7","Crusader Bow","elite"],["6lb","Shadow Bow","elite"],["6lw","Hydra Bow","elite"],["6lx","Pellet Bow","elite"],["6mx","Gorgon Crossbow","elite"],["6rx","Demon Crossbow","elite"],["6s7","Diamond Bow","elite"],["6sb","Spider Bow","elite"],["6sw","Ward Bow","elite"],["8cb","Double Bow","exceptional"],["8hb","Razor Bow","exceptional"],["8hx","Ballista","exceptional"],["8l8","Large Siege Bow","exceptional"],["8lb","Cedar Bow","exceptional"],["8lw","Gothic Bow","exceptional"],["8lx","Arbalest","exceptional"],["8mx","Siege Crossbow","exceptional"],["8rx","Chu-Ko-Nu","exceptional"],["8s8","Short Siege Bow","exceptional"],["8sb","Edge Bow","exceptional"],["8sw","Rune Bow","exceptional"],["am1","Stag Bow","normal"],["am2","Reflex Bow","normal"],["am6","Ashwood Bow","exceptional"],["am7","Ceremonial Bow","exceptional"],["amb","Matriarchal Bow","elite"],["amc","Grand Matron Bow","elite"],["cbw","Composite Bow","normal"],["hbw","Hunter's Bow","normal"],["hxb","Heavy Crossbow","normal"],["lbb","Long Battle Bow","normal"],["lbw","Long Bow","normal"],["lwb","Long War Bow","normal"],["mxb","Crossbow","normal"],["rxb","Repeating Crossbow","normal"],["sbb","Short Battle Bow","normal"],["swb","Short War Bow","normal"]]
RW	Bone	Runeword8	armor	3	Sol Um Um	CHEST	Armor	["EDEF"]	[[["MULTI198,5401",1,1]],[["MULTI201,4367",1,1]],[["CLSK2",2,2]],[["MANA",100,150]]]	["30% Chance to cast level 25 Bone Spear on striking","10% Chance to cast level 15 Bone Armor when struck","+2 to Necromancer Skill Levels","+[100-150] to Mana"]	[[["STAT34",7,7]],[["RES",15,15],["FRES",15,15],["LRES",15,15],["CRES",15,15],["PRES",15,15]],[["RES",15,15],["FRES",15,15],["LRES",15,15],["CRES",15,15],["PRES",15,15]]]	["Sol: Physical Damage Taken Reduced by 7","Um: All Resistances +15","Um: All Resistances +15"]	{}	[["aar","Ancient Armor","normal"],["brs","Breast Plate","normal"],["ful","Full Plate Mail","normal"],["gth","Gothic Plate","normal"],["ltp","Light Plate","normal"],["rng","Ring Mail","normal"],["uar","Sacred Armor","elite"],["ucl","Loricated Mail","elite"],["uea","Wyrmhide","elite"],["uhn","Boneweave","elite"],["ula","Scarab Husk","elite"],["uld","Kraken Shell","elite"],["ult","Hellforge Plate","elite"],["ung","Diamond Mail","elite"],["upl","Balrog Skin","elite"],["urs","Great Hauberk","elite"],["uth","Lacquered Plate","elite"],["utp","Archon Plate","elite"],["utu","Wire Fleece","elite"],["uui","Dusk Shroud","elite"],["uul","Shadow Plate","elite"],["xar","Ornate Plate","exceptional"],["xcl","Tigulated Mail","exceptional"],["xhn","Mesh Armor","exceptional"],["xld","Sharktooth Armor","exceptional"],["xlt","Templar Coat","exceptional"],["xng","Linked Mail","exceptional"],["xpl","Russet Armor","exceptional"],["xrs","Cuirass","exceptional"],["xth","Embossed Plate","exceptional"],["xtp","Mage Plate","exceptional"],["xul","Chaos Armor","exceptional"]]
RW	Brand	Runeword10	weapon	4	Jah Lo Mal Gul	WEAPON	Missile Weapon	["EDAM","STAT119","TABSK0"]	[[["EDAM",260,340]],[["STAT121",280,330]],[["MULTI198,5421",1,1]],[["MULTI201,28319",1,1]],[["STAT81",1,1]],[["STAT158",15,15]],[["STAT475",8,8]]]	["+[260-340]% Enhanced Damage","+[280-330]% Damage to Demons","50% Chance to cast level 45 Bone Spear on striking","65% Chance to cast level 31 Amplify Damage when struck","Knockback","Fires Explosive Arrows or Bolts","+8 to Maximum Skeleton Archers"]	[[["STAT115",1,1]],[["STAT141",20,20]],[["STAT117",1,1]],[["STAT119",50,50]]]	["Jah: Ignore Target's Defense","Lo: +20% Chance of Deadly Strike","Mal: Prevent Monster Heal","Gul: 50% Bonus to Attack Rating"]	{}	[["6cb","Great Bow","elite"],["6hb","Blade Bow","elite"],["6hx","Colossus Crossbow","elite"],["6l7","Crusader Bow","elite"],["6lb","Shadow Bow","elite"],["6lw","Hydra Bow","elite"],["6lx","Pellet Bow","elite"],["6mx","Gorgon Crossbow","elite"],["6rx","Demon Crossbow","elite"],["6s7","Diamond Bow","elite"],["6sb","Spider Bow","elite"],["6sw","Ward Bow","elite"],["8cb","Double Bow","exceptional"],["8hb","Razor Bow","exceptional"],["8hx","Ballista","exceptional"],["8l8","Large Siege Bow","exceptional"],["8lb","Cedar Bow","exceptional"],["8lw","Gothic Bow","exceptional"],["8lx","Arbalest","exceptional"],["8mx","Siege Crossbow","exceptional"],["8rx","Chu-Ko-Nu","exceptional"],["8s8","Short Siege Bow","exceptional"],["8sb","Edge Bow","exceptional"],["8sw","Rune Bow","exceptional"],["am1","Stag Bow","normal"],["am2","Reflex Bow","normal"],["am6","Ashwood Bow","exceptional"],["am7","Ceremonial Bow","exceptional"],["amb","Matriarchal Bow","elite"],["amc","Grand Matron Bow","elite"],["cbw","Composite Bow","normal"],["hbw","Hunter's Bow","normal"],["hxb","Heavy Crossbow","normal"],["lbb","Long Battle Bow","normal"],["lbw","Long Bow","normal"],["lwb","Long War Bow","normal"],["mxb","Crossbow","normal"],["rxb","Repeating Crossbow","normal"],["sbb","Short Battle Bow","normal"],["swb","Short War Bow","normal"]]
RW	Death	Runeword20	weapon	5	Hel El Vex Ort Gul	WEAPON	Sword, Axe	["EDAM","STAT119"]	[[["EDAM",275,320]],[["STAT250",2,2]],[["OS85",18,18]],[["MULTI195,3538",1,1]],[["MULTI197,3436",1,1]],[["STAT136",50,50]],[["STAT152",1,1]]]	["+[275-320]% Enhanced Damage","0.25% Chance of Deadly Strike (Based on Character Level)","+18 to Blood Golem","25% Chance to cast level 18 Glacial Spike on attack","100% Chance to cast level 44 Chain Lightning when you Die","+50% Chance of Crushing Blow","Indestructible"]	[[["STAT91",-20,-20]],[["STAT89",1,1]],[["AR",50,50]],[["STAT62",7,7]],[["STAT51",50,50],["STAT50",1,1]],[["STAT119",50,50]]]	["Hel: Requirements -20%","El: +1 to Light Radius","El: +50 to Attack Rating","Vex: 7% Mana stolen per hit","Ort: Adds 1-50 Lightning Damage","Gul: 50% Bonus to Attack Rating"]	{"STAT250":["STAT141",8]}	[["2ax","Double Axe","normal"],["72a","Ettin Axe","elite"],["7ba","Silver-edged Axe","elite"],["7bt","Decapitator","elite"],["7cr","Phase Blade","elite"],["7cr2","Phase Blade","elite"],["7fb","Colossus Sword","elite"],["7ga","Champion Axe","elite"],["7gd","Colossus Blade","elite"],["7gi","Glorious Axe","elite"],["7la","Feral Axe","elite"],["7ls","Cryptic Sword","elite"],["7mp","War Spike","elite"],["7wa","Berserker Axe","elite"],["92a","Twin Axe","exceptional"],["9ba","Bearded Axe","exceptional"],["9bt","Tabar","exceptional"],["9cr","Dimensional Blade","exceptional"],["9fb","Zweihander","exceptional"],["9ga","Gothic Axe","exceptional"],["9gd","Executioner Sword","exceptional"],["9gi","Ancient Axe","exceptional"],["9la","Military Axe","exceptional"],["9ls","Rune Sword","exceptional"],["9mp","Crowbill","exceptional"],["9wa","Naga","exceptional"],["bax","Broad Axe","normal"],["btx","Battle Axe","normal"],["crs","Crystal Sword","normal"],["flb","Flamberge","normal"],["gax","Great Axe","normal"],["gix","Giant Axe","normal"],["gsd","Great Sword","normal"],["mpi","Military Pick","normal"],["wax","War Axe","normal"]]
RW	Destruction	Runeword25	weapon	5	Vex Lo Ber Jah Ko	WEAPON	Polearm, Sword, Spear	["EDAM","STAT119","TABSK2"]	[[["EDAM",300,300]],[["IAS",30,40]],[["MULTI198,14691",1,1]],[["MULTI198,3629",1,1]],[["MULTI195,3112",1,1]],[["MULTI198,2851",1,1]]]	["+300% Enhanced Damage","+[30-40]% Increased Attack Speed","8% Chance to cast level 35 Molten Boulder on striking","15% Chance to cast level 45 Meteor on striking","15% Chance to cast level 40 Nova on attack","20% Chance to cast level 35 Frost Nova on striking"]	[[["STAT62",7,7]],[["STAT141",20,20]],[["STAT136",20,20]],[["STAT115",1,1]],[["DEX",10,10]]]	["Vex: 7% Mana stolen per hit","Lo: +20% Chance of Deadly Strike","Ber: +20% Chance of Crushing Blow","Jah: Ignore Target's Defense","Ko: +10 to Dexterity"]	{}	[["7br","Mancatcher","elite"],["7cr","Phase Blade","elite"],["7cr2","Phase Blade","elite"],["7fb","Colossus Sword","elite"],["7gd","Colossus Blade","elite"],["7h7","Great Poleaxe","elite"],["7ls","Cryptic Sword","elite"],["7p7","War Pike","elite"],["7pa","Cryptic Axe","elite"],["7s8","Thresher","elite"],["7sr","Hyperion Spear","elite"],["7st","Ghost Spear","elite"],["7wc","Giant Thresher","elite"],["9br","War Fork","exceptional"],["9cr","Dimensional Blade","exceptional"],["9fb","Zweihander","exceptional"],["9gd","Executioner Sword","exceptional"],["9h9","Bec-de-Corbin","exceptional"],["9ls","Rune Sword","exceptional"],["9p9","Lance","exceptional"],["9pa","Partizan","exceptional"],["9s8","Battle Scythe","exceptional"],["9st","Yari","exceptional"],["9wc","Grim Scythe","exceptional"],["am3","Maiden Spear","normal"],["am4","Maiden Pike","normal"],["am8","Ceremonial Spear","exceptional"],["am9","Ceremonial Pike","exceptional"],["amd","Matriarchal Spear","elite"],["ame","Matriarchal Pike","elite"],["brn","Brandistock","normal"],["crs","Crystal Sword","normal"],["flb","Flamberge","normal"],["gsd","Great Sword","normal"],["hal","Halberd","normal"],["pax","Poleaxe","normal"],["pik","Pike","normal"],["scy","Scythe","normal"],["spt","Spetum","normal"],["wsc","War Scythe","normal"]]
RW	Dragon	Runeword27	armor	3	Sur Lo Sol	CHEST	Armor	["EDEF"]	[[["DEF",400,550]],[["SK62",4,5]],[["STAT220",3,3]],[["MULTI198,4008",1,1]],[["MULTI201,17810",1,1]],[["MULTI151,102",12,12]],[["STAT463",1,1]]]	["+[400-550] Defense","+[4-5] to Hydra (Sorceress Only)","+0.38 to Strength (Based on Character Level)","12% Chance to cast level 40 Hydra on striking","20% Chance to cast level 18 Venom when struck","Level 12 Holy Fire Aura When Equipped","+1 to Maximum Hydras"]	[[["STAT77",5,5]],[["STAT42",4,4]],[["STAT34",7,7]]]	["Sur: Increase Maximum Mana 5%","Lo: +4% to Maximum Lightning Resist","Sol: Physical Damage Taken Reduced by 7"]	{"STAT220":["STR",8]}	[["aar","Ancient Armor","normal"],["brs","Breast Plate","normal"],["ful","Full Plate Mail","normal"],["gth","Gothic Plate","normal"],["ltp","Light Plate","normal"],["rng","Ring Mail","normal"],["uar","Sacred Armor","elite"],["ucl","Loricated Mail","elite"],["uea","Wyrmhide","elite"],["uhn","Boneweave","elite"],["ula","Scarab Husk","elite"],["uld","Kraken Shell","elite"],["ult","Hellforge Plate","elite"],["ung","Diamond Mail","elite"],["upl","Balrog Skin","elite"],["urs","Great Hauberk","elite"],["uth","Lacquered Plate","elite"],["utp","Archon Plate","elite"],["utu","Wire Fleece","elite"],["uui","Dusk Shroud","elite"],["uul","Shadow Plate","elite"],["xar","Ornate Plate","exceptional"],["xcl","Tigulated Mail","exceptional"],["xhn","Mesh Armor","exceptional"],["xld","Sharktooth Armor","exceptional"],["xlt","Templar Coat","exceptional"],["xng","Linked Mail","exceptional"],["xpl","Russet Armor","exceptional"],["xrs","Cuirass","exceptional"],["xth","Embossed Plate","exceptional"],["xtp","Mage Plate","exceptional"],["xul","Chaos Armor","exceptional"]]
RW	Dragon	Runeword27	shield	3	Sur Lo Sol	SHIELD	Any Shield	["AR","CRES","EDAM","EDEF","FRES","LRES","PRES","RES","SK*","STAT35","STAT57","STAT58","STAT59","STAT78"]	[[["DEF",400,550]],[["SK62",4,5]],[["STAT220",3,3]],[["MULTI198,4008",1,1]],[["MULTI201,17810",1,1]],[["MULTI151,102",12,12]],[["STAT463",1,1]]]	["+[400-550] Defense","+[4-5] to Hydra (Sorceress Only)","+0.38 to Strength (Based on Character Level)","12% Chance to cast level 40 Hydra on striking","20% Chance to cast level 18 Venom when struck","Level 12 Holy Fire Aura When Equipped","+1 to Maximum Hydras"]	[[["MANA",75,75]],[["STAT42",4,4]],[["STAT34",9,9]]]	["Sur: +75 to Mana","Lo: +4% to Maximum Lightning Resist","Sol: Physical Damage Taken Reduced by 9"]	{"STAT220":["STR",8]}	[["gts","Gothic Shield","normal"],["kit","Kite Shield","normal"],["lrg","Large Shield","normal"],["ne6","Mummified Trophy","exceptional"],["ne7","Fetish Trophy","exceptional"],["ne8","Sexton Trophy","exceptional"],["ne9","Cantor Trophy","exceptional"],["nea","Hierophant Trophy","exceptional"],["neb","Minion Skull","elite"],["ned","Overseer Skull","elite"],["nee","Succubus Skull","elite"],["nef","Bloodlord Skull","elite"],["neg","Hellspawn Skull","elite"],["pa1","Targe","normal"],["pa2","Rondache","normal"],["pa3","Heraldic Shield","normal"],["pa4","Aerin Shield","normal"],["pa5","Crown Shield","normal"],["pa6","Akaran Targe","exceptional"],["pa7","Akaran Rondache","exceptional"],["pa8","Protector Shield","exceptional"],["pa9","Gilded Shield","exceptional"],["paa","Royal Shield","exceptional"],["pab","Sacred Targe","elite"],["pac","Sacred Rondache","elite"],["pad","Kurast Shield","elite"],["pae","Zakarum Shield","elite"],["paf","Vortex Shield","elite"],["spk","Spiked Shield","normal"],["tow","Tower Shield","normal"],["uit","Monarch","elite"],["uow","Aegis","elite"],["upk","Blade Barrier","elite"],["urg","Hyperion","elite"],["ush","Troll Nest","elite"],["uts","Ward","elite"],["xit","Dragon Shield","exceptional"],["xow","Pavise","exceptional"],["xpk","Barbed Shield","exceptional"],["xrg","Scutum","exceptional"],["xsh","Grim Shield","exceptional"],["xts","Ancient Shield","exceptional"]]
RW	Dream	Runeword29	armor	3	Io Jah Pul	CIRC,HELM	Helm	["EDEF","SK*"]	[[["DEF",150,220]],[["MULTI201,5199",1,1]],[["STAT217",1280,1280]],[["RES",10,20],["FRES",10,20],["LRES",10,20],["CRES",10,20],["PRES",10,20]],[["FHR",20,30]],[["MULTI151,118",14,14]],[["MFIND",20,30]]]	["+[150-220] Defense","10% Chance to cast level 15 Confuse when struck","+0.62 to Mana (Based on Character Level)","All Resistances +[10-20]","+[20-30]% Faster Hit Recovery","Level 14 Holy Shock Aura When Equipped","[20-30]% Better Chance of Getting Magic Items"]	[[["STAT3",10,10]],[["STAT76",5,5]],[["EDEF",50,50]]]	["Io: +10 to Vitality","Jah: Increase Maximum Life 5%","Pul: +50% Enhanced Defense"]	{"STAT217":["MANA",2048]}	[["ba1","Jawbone Cap","normal"],["ba2","Fanged Helm","normal"],["ba3","Horned Helm","normal"],["ba4","Assault Helmet","normal"],["ba5","Avenger Guard","normal"],["ba6","Jawbone Visor","exceptional"],["ba7","Lion Helm","exceptional"],["ba8","Rage Mask","exceptional"],["ba9","Savage Helmet","exceptional"],["baa","Slayer Guard","exceptional"],["bab","Carnage Helm","elite"],["bac","Fury Visor","elite"],["bad","Destroyer Helm","elite"],["bae","Conqueror Crown","elite"],["baf","Guardian Crown","elite"],["ci2","Tiara","exceptional"],["ci3","Diadem","elite"],["crn","Crown","normal"],["dr1","Wolf Head","normal"],["dr2","Hawk Helm","normal"],["dr3","Antlers","normal"],["dr4","Falcon Mask","normal"],["dr5","Spirit Mask","normal"],["dr6","Alpha Helm","exceptional"],["dr7","Griffon Headdress","exceptional"],["dr8","Hunter's Guise","exceptional"],["dr9","Sacred Feathers","exceptional"],["dra","Totemic Mask","exceptional"],["drb","Blood Spirit","elite"],["drc","Sun Spirit","elite"],["drd","Earth Spirit","elite"],["dre","Sky Spirit","elite"],["drf","Dream Spirit","elite"],["ghm","Great Helm","normal"],["msk","Mask","normal"],["uh9","Bone Visage","elite"],["uhm","Spired Helm","elite"],["urn","Corona","elite"],["usk","Demonhead","elite"],["xhm","Winged Helm","exceptional"],["xrn","Grand Crown","exceptional"],["xsk","Death Mask","exceptional"]]
RW	Dream	Runeword29	shield	3	Io Jah Pul	SHIELD	Any Shield	["AR","CRES","EDAM","EDEF","FRES","LRES","PRES","RES","SK*","STAT35","STAT57","STAT58","STAT59","STAT78"]	[[["DEF",150,220]],[["MULTI201,5199",1,1]],[["STAT217",1280,1280]],[["RES",10,20],["FRES",10,20],["LRES",10,20],["CRES",10,20],["PRES",10,20]],[["FHR",20,30]],[["MULTI151,118",14,14]],[["MFIND",20,30]]]	["+[150-220] Defense","10% Chance to cast level 15 Confuse when struck","+0.62 to Mana (Based on Character Level)","All Resistances +[10-20]","+[20-30]% Faster Hit Recovery","Level 14 Holy Shock Aura When Equipped","[20-30]% Better Chance of Getting Magic Items"]	[[["STAT3",10,10]],[["LIFE",75,75]],[["EDEF",50,50]]]	["Io: +10 to Vitality","Jah: +75 to Life","Pul: +50% Enhanced Defense"]	{"STAT217":["MANA",2048]}	[["gts","Gothic Shield","normal"],["kit","Kite Shield","normal"],["lrg","Large Shield","normal"],["ne6","Mummified Trophy","exceptional"],["ne7","Fetish Trophy","exceptional"],["ne8","Sexton Trophy","exceptional"],["ne9","Cantor Trophy","exceptional"],["nea","Hierophant Trophy","exceptional"],["neb","Minion Skull","elite"],["ned","Overseer Skull","elite"],["nee","Succubus Skull","elite"],["nef","Bloodlord Skull","elite"],["neg","Hellspawn Skull","elite"],["pa1","Targe","normal"],["pa2","Rondache","normal"],["pa3","Heraldic Shield","normal"],["pa4","Aerin Shield","normal"],["pa5","Crown Shield","normal"],["pa6","Akaran Targe","exceptional"],["pa7","Akaran Rondache","exceptional"],["pa8","Protector Shield","exceptional"],["pa9","Gilded Shield","exceptional"],["paa","Royal Shield","exceptional"],["pab","Sacred Targe","elite"],["pac","Sacred Rondache","elite"],["pad","Kurast Shield","elite"],["pae","Zakarum Shield","elite"],["paf","Vortex Shield","elite"],["spk","Spiked Shield","normal"],["tow","Tower Shield","normal"],["uit","Monarch","elite"],["uow","Aegis","elite"],["upk","Blade Barrier","elite"],["urg","Hyperion","elite"],["ush","Troll Nest","elite"],["uts","Ward","elite"],["xit","Dragon Shield","exceptional"],["xow","Pavise","exceptional"],["xpk","Barbed Shield","exceptional"],["xrg","Scutum","exceptional"],["xsh","Grim Shield","exceptional"],["xts","Ancient Shield","exceptional"]]
RW	Edge	Runeword31	weapon	3	Tir Tal Amn	WEAPON	Missile Weapon	["EDAM","STAT119","TABSK0"]	[[["STAT121",320,380]],[["STAT122",280,280]],[["IAS",35,35]],[["STAT117",1,1]],[["MULTI151,103",15,15]],[["ALLATTRIB",5,10],["STR",5,10],["STAT1",5,10],["DEX",5,10],["STAT3",5,10]]]	["+[320-380]% Damage to Demons","+280% Damage to Undead","+35% Increased Attack Speed","Prevent Monster Heal","Level 15 Thorns Aura When Equipped","+[5-10] to all Attributes"]	[[["STAT138",2,2]],[["STAT58",154,154],["STAT57",154,154]],[["STAT60",7,7]]]	["Tir: +2 to Mana after each Kill","Tal: +75 Poison Damage over 5 Seconds","Amn: 7% Life stolen per hit"]	{}	[["6cb","Great Bow","elite"],["6hb","Blade Bow","elite"],["6hx","Colossus Crossbow","elite"],["6l7","Crusader Bow","elite"],["6lb","Shadow Bow","elite"],["6lw","Hydra Bow","elite"],["6lx","Pellet Bow","elite"],["6mx","Gorgon Crossbow","elite"],["6rx","Demon Crossbow","elite"],["6s7","Diamond Bow","elite"],["6sb","Spider Bow","elite"],["6sw","Ward Bow","elite"],["8cb","Double Bow","exceptional"],["8hb","Razor Bow","exceptional"],["8hx","Ballista","exceptional"],["8l8","Large Siege Bow","exceptional"],["8lb","Cedar Bow","exceptional"],["8lw","Gothic Bow","exceptional"],["8lx","Arbalest","exceptional"],["8mx","Siege Crossbow","exceptional"],["8rx","Chu-Ko-Nu","exceptional"],["8s8","Short Siege Bow","exceptional"],["8sb","Edge Bow","exceptional"],["8sw","Rune Bow","exceptional"],["am1","Stag Bow","normal"],["am2","Reflex Bow","normal"],["am6","Ashwood Bow","exceptional"],["am7","Ceremonial Bow","exceptional"],["amb","Matriarchal Bow","elite"],["amc","Grand Matron Bow","elite"],["cbw","Composite Bow","normal"],["hbw","Hunter's Bow","normal"],["hxb","Heavy Crossbow","normal"],["lbb","Long Battle Bow","normal"],["lbw","Long Bow","normal"],["lwb","Long War Bow","normal"],["lxb","Light Crossbow","normal"],["mxb","Crossbow","normal"],["rxb","Repeating Crossbow","normal"],["sbb","Short Battle Bow","normal"],["sbw","Short Bow","normal"],["swb","Short War Bow","normal"]]
RW	Enlightenment	Runeword34	armor	3	Pul Ral Sol	CHEST	Armor	["EDEF"]	[[["MULTI200,3036",1,1]],[["MULTI201,2969",1,1]],[["CLSK1",2,2]],[["OS37",5,8]],[["FCR",20,20]]]	["25% Chance to cast level 28 Fire Ball on casting","35% Chance to cast level 25 Blaze when struck","+2 to Sorceress Skill Levels","+[5-8] to Warmth","+20% Faster Cast Rate"]	[[["EDEF",50,50]],[["FRES",30,30]],[["STAT34",7,7]]]	["Pul: +50% Enhanced Defense","Ral: Fire Resist +30%","Sol: Physical Damage Taken Reduced by 7"]	{}	[["aar","Ancient Armor","normal"],["brs","Breast Plate","normal"],["ful","Full Plate Mail","normal"],["gth","Gothic Plate","normal"],["ltp","Light Plate","normal"],["rng","Ring Mail","normal"],["uar","Sacred Armor","elite"],["ucl","Loricated Mail","elite"],["uea","Wyrmhide","elite"],["uhn","Boneweave","elite"],["ula","Scarab Husk","elite"],["uld","Kraken Shell","elite"],["ult","Hellforge Plate","elite"],["ung","Diamond Mail","elite"],["upl","Balrog Skin","elite"],["urs","Great Hauberk","elite"],["uth","Lacquered Plate","elite"],["utp","Archon Plate","elite"],["utu","Wire Fleece","elite"],["uui","Dusk Shroud","elite"],["uul","Shadow Plate","elite"],["xar","Ornate Plate","exceptional"],["xcl","Tigulated Mail","exceptional"],["xhn","Mesh Armor","exceptional"],["xld","Sharktooth Armor","exceptional"],["xlt","Templar Coat","exceptional"],["xng","Linked Mail","exceptional"],["xpl","Russet Armor","exceptional"],["xrs","Cuirass","exceptional"],["xth","Embossed Plate","exceptional"],["xtp","Mage Plate","exceptional"],["xul","Chaos Armor","exceptional"]]
RW	Ice	Runeword59	weapon	4	Amn Shael Jah Lo	WEAPON	Missile Weapon	["EDAM","STAT119","TABSK0"]	[[["EDAM",140,210]],[["MULTI151,114",18,18]],[["STAT331",25,30]],[["MULTI198,2848",1,1]],[["MULTI199,3816",1,1]],[["STAT335",20,20]],[["STAT239",25,25]]]	["+[140-210]% Enhanced Damage","Level 18 Holy Freeze Aura When Equipped","+[25-30]% to Cold Skill Damage","20% Chance to cast level 32 Frost Nova on striking","100% Chance to cast level 40 Blizzard when you Level-Up","-20% to Enemy Cold Resistance","3.12% Extra Gold from Monsters (Based on Character Level)"]	[[["STAT60",7,7]],[["IAS",20,20]],[["STAT115",1,1]],[["STAT141",20,20]]]	["Amn: 7% Life stolen per hit","Shael: +20% Increased Attack Speed","Jah: Ignore Target's Defense","Lo: +20% Chance of Deadly Strike"]	{"STAT239":["GFIND",8]}	[["6cb","Great Bow","elite"],["6hb","Blade Bow","elite"],["6hx","Colossus Crossbow","elite"],["6l7","Crusader Bow","elite"],["6lb","Shadow Bow","elite"],["6lw","Hydra Bow","elite"],["6lx","Pellet Bow","elite"],["6mx","Gorgon Crossbow","elite"],["6rx","Demon Crossbow","elite"],["6s7","Diamond Bow","elite"],["6sb","Spider Bow","elite"],["6sw","Ward Bow","elite"],["8cb","Double Bow","exceptional"],["8hb","Razor Bow","exceptional"],["8hx","Ballista","exceptional"],["8l8","Large Siege Bow","exceptional"],["8lb","Cedar Bow","exceptional"],["8lw","Gothic Bow","exceptional"],["8lx","Arbalest","exceptional"],["8mx","Siege Crossbow","exceptional"],["8rx","Chu-Ko-Nu","exceptional"],["8s8","Short Siege Bow","exceptional"],["8sb","Edge Bow","exceptional"],["8sw","Rune Bow","exceptional"],["am1","Stag Bow","normal"],["am2","Reflex Bow","normal"],["am6","Ashwood Bow","exceptional"],["am7","Ceremonial Bow","exceptional"],["amb","Matriarchal Bow","elite"],["amc","Grand Matron Bow","elite"],["cbw","Composite Bow","normal"],["hbw","Hunter's Bow","normal"],["hxb","Heavy Crossbow","normal"],["lbb","Long Battle Bow","normal"],["lbw","Long Bow","normal"],["lwb","Long War Bow","normal"],["mxb","Crossbow","normal"],["rxb","Repeating Crossbow","normal"],["sbb","Short Battle Bow","normal"],["swb","Short War Bow","normal"]]
RW	Infinity	Runeword60	weapon	4	Ber Mal Ber Ist	WEAPON	Polearm, Spear	["EDAM","STAT119","TABSK2"]	[[["EDAM",255,325]],[["FRW",35,35]],[["STAT223",4,4]],[["MULTI151,123",12,12]],[["MULTI198,3412",1,1]],[["STAT334",40,50]],[["OS235",3,3]]]	["+[255-325]% Enhanced Damage","+35% Faster Run/Walk","+0.5 to Vitality (Based on Character Level)","Level 12 Conviction Aura When Equipped","25% Chance to cast level 20 Chain Lightning on striking","-[40-50]% to Enemy Lightning Resistance","+3 to Cyclone Armor"]	[[["STAT136",20,20]],[["STAT117",1,1]],[["STAT136",20,20]],[["MFIND",30,30]]]	["Ber: +20% Chance of Crushing Blow","Mal: Prevent Monster Heal","Ber: +20% Chance of Crushing Blow","Ist: 30% Better Chance of Getting Magic Items"]	{"STAT223":["STAT3",8]}	[["7br","Mancatcher","elite"],["7h7","Great Poleaxe","elite"],["7o7","Ogre Axe","elite"],["7p7","War Pike","elite"],["7pa","Cryptic Axe","elite"],["7s8","Thresher","elite"],["7sr","Hyperion Spear","elite"],["7st","Ghost Spear","elite"],["7tr","Stygian Pike","elite"],["7vo","Colossus Voulge","elite"],["7wc","Giant Thresher","elite"],["9b7","Lochaber Axe","exceptional"],["9br","War Fork","exceptional"],["9h9","Bec-de-Corbin","exceptional"],["9p9","Lance","exceptional"],["9pa","Partizan","exceptional"],["9s8","Battle Scythe","exceptional"],["9sr","War Spear","exceptional"],["9st","Yari","exceptional"],["9tr","Fuscina","exceptional"],["9vo","Bill","exceptional"],["9wc","Grim Scythe","exceptional"],["am3","Maiden Spear","normal"],["am4","Maiden Pike","normal"],["am8","Ceremonial Spear","exceptional"],["am9","Ceremonial Pike","exceptional"],["amd","Matriarchal Spear","elite"],["ame","Matriarchal Pike","elite"],["brn","Brandistock","normal"],["hal","Halberd","normal"],["pax","Poleaxe","normal"],["pik","Pike","normal"],["scy","Scythe","normal"],["spt","Spetum","normal"],["tri","Trident","normal"],["vou","Voulge","normal"],["wsc","War Scythe","normal"]]
RW	Innocence	Runeword61	armor	4	Gul Lem Zod Hel	CHEST	Armor	["EDEF"]	[[["ALLSK",2,2]],[["STAT78",600,800]],[],[["EDEF",200,275]],[["STAT136",20,20]],[["STAT110",50,50]],[["STAT91",-10,-10]]]	["+2 to All Skills","Attacker Takes Damage of [600-800]","Level %d %s When Equipped [8-12]","+[200-275]% Enhanced Defense","+20% Chance of Crushing Blow","Poison Length Reduced by 50%","Requirements -10%"]	[[["STAT46",4,4]],[["GFIND",50,50]],[["STAT152",1,1]],[["STAT91",-15,-15]]]	["Gul: +4% to Maximum Poison Resist","Lem: 50% Extra Gold from Monsters","Zod: Indestructible","Hel: Requirements -15%"]	{}	[["aar","Ancient Armor","normal"],["ful","Full Plate Mail","normal"],["gth","Gothic Plate","normal"],["uar","Sacred Armor","elite"],["ucl","Loricated Mail","elite"],["uea","Wyrmhide","elite"],["uhn","Boneweave","elite"],["ula","Scarab Husk","elite"],["uld","Kraken Shell","elite"],["ult","Hellforge Plate","elite"],["ung","Diamond Mail","elite"],["upl","Balrog Skin","elite"],["urs","Great Hauberk","elite"],["uth","Lacquered Plate","elite"],["utp","Archon Plate","elite"],["utu","Wire Fleece","elite"],["uui","Dusk Shroud","elite"],["uul","Shadow Plate","elite"],["xar","Ornate Plate","exceptional"],["xth","Embossed Plate","exceptional"],["xul","Chaos Armor","exceptional"]]
RW	Insight	Runeword62	weapon	4	Ral Tir Tal Sol	WEAPON	Polearm, Staff, Spear	["EDAM","FCR","SK*","STAT119","TABSK2"]	[[["EDAM",180,240]],[["STAT119",180,250]],[["MFIND",23,23]],[["STAT258",15,25]],[["FCR",35,35]],[["MULTI151,120",12,17]],[["ALLATTRIB",10,20],["STR",10,20],["STAT1",10,20],["DEX",10,20],["STAT3",10,20]]]	["+[180-240]% Enhanced Damage","[180-250]% Bonus to Attack Rating","23% Better Chance of Getting Magic Items","+[15-25]% Chance of Critical Strike","+35% Faster Cast Rate","Level [12-17] Meditation Aura When Equipped","+[10-20] to all Attributes"]	[[["STAT49",30,30],["STAT48",5,5]],[["STAT138",2,2]],[["STAT58",154,154],["STAT57",154,154]],[["MINDMG",9,9]]]	["Ral: Adds 5-30 Fire Damage","Tir: +2 to Mana after each Kill","Tal: +75 Poison Damage over 5 Seconds","Sol: +9 to Minimum Damage"]	{}	[["6bs","Shillelagh","elite"],["6cs","Elder Staff","elite"],["6ls","Stalagmite","elite"],["6ws","Archon Staff","elite"],["7br","Mancatcher","elite"],["7h7","Great Poleaxe","elite"],["7o7","Ogre Axe","elite"],["7p7","War Pike","elite"],["7pa","Cryptic Axe","elite"],["7s8","Thresher","elite"],["7sr","Hyperion Spear","elite"],["7st","Ghost Spear","elite"],["7tr","Stygian Pike","elite"],["7vo","Colossus Voulge","elite"],["7wc","Giant Thresher","elite"],["8bs","Gothic Staff","exceptional"],["8cs","Cedar Staff","exceptional"],["8ws","Rune Staff","exceptional"],["9b7","Lochaber Axe","exceptional"],["9br","War Fork","exceptional"],["9h9","Bec-de-Corbin","exceptional"],["9p9","Lance","exceptional"],["9pa","Partizan","exceptional"],["9s8","Battle Scythe","exceptional"],["9sr","War Spear","exceptional"],["9st","Yari","exceptional"],["9tr","Fuscina","exceptional"],["9vo","Bill","exceptional"],["9wc","Grim Scythe","exceptional"],["am3","Maiden Spear","normal"],["am4","Maiden Pike","normal"],["am8","Ceremonial Spear","exceptional"],["am9","Ceremonial Pike","exceptional"],["amd","Matriarchal Spear","elite"],["ame","Matriarchal Pike","elite"],["brn","Brandistock","normal"],["bst","Battle Staff","normal"],["cst","Gnarled Staff","normal"],["hal","Halberd","normal"],["hst","Horadric Staff","normal"],["pax","Poleaxe","normal"],["pik","Pike","normal"],["scy","Scythe","normal"],["spt","Spetum","normal"],["tri","Trident","normal"],["vou","Voulge","normal"],["wsc","War Scythe","normal"],["wst","War Staff","normal"]]
RW	Last Wish	Runeword69	weapon	6	Jah Mal Jah Sur Jah Ber	WEAPON	Sword, Hammer, Axe, Staff	["EDAM","FCR","SK*","STAT119"]	[[["EDAM",375,425]],[["STAT368",1,1]],[["MULTI198,28491",1,1]],[["MULTI201,17099",1,1]],[["STAT136",40,50]],[["STAT240",4,4]],[["MULTI151,98",20,20]]]	["+[375-425]% Enhanced Damage","You May Apply An Additional Curse","10% Chance to cast level 11 Life Tap on striking","6% Chance to cast level 11 Fade when struck","+[40-50]% Chance of Crushing Blow","0.5% Better Chance of Getting Magic Items (Based on Character Level)","Level 20 Might Aura When Equipped"]	[[["STAT115",1,1]],[["STAT117",1,1]],[["STAT115",1,1]],[["STAT86",4,4]],[["STAT115",1,1]],[["STAT136",20,20]]]	["Jah: Ignore Target's Defense","Mal: Prevent Monster Heal","Jah: Ignore Target's Defense","Sur: +4 Life after each Kill","Jah: Ignore Target's Defense","Ber: +20% Chance of Crushing Blow"]	{"STAT240":["MFIND",8]}	[["6ws","Archon Staff","elite"],["7cr","Phase Blade","elite"],["7cr2","Phase Blade","elite"],["7ga","Champion Axe","elite"],["7gd","Colossus Blade","elite"],["7gi","Glorious Axe","elite"],["7gm","Thunder Maul","elite"],["7m7","Ogre Maul","elite"],["7mp","War Spike","elite"],["7wa","Berserker Axe","elite"],["8ws","Rune Staff","exceptional"],["9cr","Dimensional Blade","exceptional"],["9ga","Gothic Axe","exceptional"],["9gd","Executioner Sword","exceptional"],["9gi","Ancient Axe","exceptional"],["9gm","Martel de Fer","exceptional"],["9m9","War Club","exceptional"],["9mp","Crowbill","exceptional"],["9wa","Naga","exceptional"],["crs","Crystal Sword","normal"],["gax","Great Axe","normal"],["gix","Giant Axe","normal"],["gma","Great Maul","normal"],["gsd","Great Sword","normal"],["mau","Maul","normal"],["mpi","Military Pick","normal"],["wax","War Axe","normal"],["wst","War Staff","normal"]]
RW	Lawbringer	Runeword71	weapon	3	Amn Lem Ko	WEAPON	Sword, Hammer, Scepter, Hand to Hand, Throwing Axe, Thrown Weapon	["EDAM","SK*","STAT119"]	[[["STAT55",180,180],["STAT54",130,130]],[["STAT49",210,210],["STAT48",150,150]],[["EDAM",150,200]],[["MULTI198,28559",1,1]],[["STAT32",200,250]],[["STAT108",1,1]],[["STAT116",50,50]]]	["Adds 130-180 Cold Damage","Adds 150-210 Fire Damage","+[150-200]% Enhanced Damage","20% Chance to cast level 15 Decrepify on striking","+[200-250] Defense vs. Missile","Slain Monsters Rest in Peace","-50% Target Defense"]	[[["STAT60",7,7]],[["GFIND",75,75]],[["DEX",10,10]]]	["Amn: 7% Life stolen per hit","Lem: 75% Extra Gold from Monsters","Ko: +10 to Dexterity"]	{}	[["2hs","Two-Handed Sword","normal"],["72h","Legend Sword","elite"],["7ar","Suwayyah","elite"],["7b7","Champion Sword","elite"],["7b8","Winged Axe","elite"],["7bs","Conquest Sword","elite"],["7cm","Highland Blade","elite"],["7cr","Phase Blade","elite"],["7cr2","Phase Blade","elite"],["7cs","Battle Cestus","elite"],["7fb","Colossus Sword","elite"],["7fc","Hydra Edge","elite"],["7gd","Colossus Blade","elite"],["7gl","Ghost Glaive","elite"],["7gm","Thunder Maul","elite"],["7gs","Balrog Blade","elite"],["7ls","Cryptic Sword","elite"],["7lw","Feral Claws","elite"],["7m7","Ogre Maul","elite"],["7qr","Scissors Suwayyah","elite"],["7qs","Seraph Rod","elite"],["7sb","Elegant Blade","elite"],["7sc","Mighty Scepter","elite"],["7sm","Ataghan","elite"],["7ss","Falcata","elite"],["7ts","Winged Harpoon","elite"],["7tw","Runic Talons","elite"],["7wb","Wrist Sword","elite"],["7wd","Mythical Sword","elite"],["7wh","Legendary Mallet","elite"],["7ws","Caduceus","elite"],["7xf","War Fist","elite"],["92h","Espandon","exceptional"],["9ar","Quhab","exceptional"],["9b8","Hurlbat","exceptional"],["9b9","Gothic Sword","exceptional"],["9bs","Battle Sword","exceptional"],["9cm","Dacian Falx","exceptional"],["9cr","Dimensional Blade","exceptional"],["9cs","Hand Scythe","exceptional"],["9fb","Zweihander","exceptional"],["9fc","Tulwar","exceptional"],["9gd","Executioner Sword","exceptional"],["9gl","Spiculum","exceptional"],["9gm","Martel de Fer","exceptional"],["9gs","Tusk Sword","exceptional"],["9ls","Rune Sword","exceptional"],["9lw","Greater Claws","exceptional"],["9m9","War Club","exceptional"],["9qr","Scissors Quhab","exceptional"],["9qs","Holy Water Sprinkler","exceptional"],["9sb","Shamshir","exceptional"],["9sc","Rune Scepter","exceptional"],["9sm","Cutlass","exceptional"],["9ss","Gladius","exceptional"],["9ts","Harpoon","exceptional"],["9tw","Greater Talons","exceptional"],["9wb","Wrist Spike","exceptional"],["9wd","Ancient Sword","exceptional"],["9wh","Battle Hammer","exceptional"],["9ws","Divine Scepter","exceptional"],["9xf","Fascia","exceptional"],["bal","Balanced Axe","normal"],["bsd","Broad Sword","normal"],["bsw","Bastard Sword","normal"],["btl","Blade Talons","normal"],["clm","Claymore","normal"],["clw","Claws","normal"],["crs","Crystal Sword","normal"],["flb","Flamberge","normal"],["gis","Giant Sword","normal"],["glv","Glaive","normal"],["gma","Great Maul","normal"],["gsc","Grand Scepter","normal"],["gsd","Great Sword","normal"],["hfh","Hell Forge Hammer","normal"],["lsd","Long Sword","normal"],["mau","Maul","normal"],["skr","Scissors Katar","normal"],["tsp","Throwing Spear","normal"],["whm","War Hammer","normal"],["wsd","War Sword","normal"],["wsp","War Scepter","normal"]]
RW	Loyalty	Loyalty Spear	weapon	3	Pul Tir Dol	WEAPON	Spear, not Javelin	["EDAM","STAT119","TABSK2"]	[[["EDAM",200,245]],[["SK28",2,3]],[["TABSK1",2,2]],[["FCR",60,60]],[["STAT136",20,20]],[["SK14",2,3]],[["STAT138",2,2]]]	["+[200-245]% Enhanced Damage","+[2-3] to Decoy (Amazon Only)","+2 to Passive and Magic Skills (Amazon Only)","+60% Faster Cast Rate","+20% Chance of Crushing Blow","+[2-3] to Power Strike (Amazon Only)","+2 to Mana after each Kill"]	[[["STAT123",100,100]],[["STAT121",75,75]],[["STAT138",2,2]],[["EDAM",20,20]]]	["Pul: +100 to Attack Rating against Demons","Pul: +75% Damage to Demons","Tir: +2 to Mana after each Kill","Dol: +20% Enhanced Damage"]	{}	[["7br","Mancatcher","elite"],["7p7","War Pike","elite"],["7sr","Hyperion Spear","elite"],["7st","Ghost Spear","elite"],["7tr","Stygian Pike","elite"],["9br","War Fork","exceptional"],["9p9","Lance","exceptional"],["9sr","War Spear","exceptional"],["9st","Yari","exceptional"],["9tr","Fuscina","exceptional"],["am3","Maiden Spear","normal"],["am4","Maiden Pike","normal"],["am8","Ceremonial Spear","exceptional"],["am9","Ceremonial Pike","exceptional"],["amd","Matriarchal Spear","elite"],["ame","Matriarchal Pike","elite"],["brn","Brandistock","normal"],["pik","Pike","normal"],["spr","Spear","normal"],["spt","Spetum","normal"],["tri","Trident","normal"]]
RW	Mist	Runeword84	weapon	5	Cham Shael Gul Thul Ith	WEAPON	Missile Weapon	["EDAM","STAT119","TABSK0"]	[[["MULTI151,113",12,14]],[["ALLSK",2,2]],[["RES",40,40],["FRES",40,40],["LRES",40,40],["CRES",40,40],["PRES",40,40]],[["STAT3",20,30]],[["STAT156",100,100]],[["EDAM",325,375]]]	["Level [12-14] Concentration Aura When Equipped","+2 to All Skills","All Resistances +40","+[20-30] to Vitality","+100% Chance to Pierce","+[325-375]% Enhanced Damage"]	[[["STAT134",3,3]],[["IAS",20,20]],[["STAT119",50,50]],[["STAT55",14,14],["STAT54",3,3]],[["MAXDMG",9,9]]]	["Cham: Freezes target +3","Shael: +20% Increased Attack Speed","Gul: 50% Bonus to Attack Rating","Thul: Adds 3-14 Cold Damage","Ith: +9 to Maximum Damage"]	{}	[["6hx","Colossus Crossbow","elite"],["6l7","Crusader Bow","elite"],["6lb","Shadow Bow","elite"],["6lw","Hydra Bow","elite"],["6rx","Demon Crossbow","elite"],["6s7","Diamond Bow","elite"],["6sw","Ward Bow","elite"],["8hx","Ballista","exceptional"],["8l8","Large Siege Bow","exceptional"],["8lb","Cedar Bow","exceptional"],["8lw","Gothic Bow","exceptional"],["8rx","Chu-Ko-Nu","exceptional"],["8s8","Short Siege Bow","exceptional"],["8sw","Rune Bow","exceptional"],["am1","Stag Bow","normal"],["am2","Reflex Bow","normal"],["am6","Ashwood Bow","exceptional"],["am7","Ceremonial Bow","exceptional"],["amb","Matriarchal Bow","elite"],["amc","Grand Matron Bow","elite"],["hxb","Heavy Crossbow","normal"],["lbb","Long Battle Bow","normal"],["lbw","Long Bow","normal"],["lwb","Long War Bow","normal"],["rxb","Repeating Crossbow","normal"],["sbb","Short Battle Bow","normal"],["swb","Short War Bow","normal"]]
RW	Myth	Runeword87	armor	3	Hel Amn Nef	CHEST	Armor	["EDEF"]	[[["MULTI198,8769",1,1]],[["MULTI201,8321",1,1]],[["CLSK4",1,2]],[["STAT74",10,10]],[["STAT238",16,24]],[["STAT138",3,4]]]	["5% Chance to cast level 1 Taunt on striking","3% Chance to cast level 1 Howl when struck","+[1-2] to Barbarian Skill Levels","Replenish Life +10","Attacker Takes Damage of [2-3] (Based on Character Level)","+[3-4] to Mana after each Kill"]	[[["STAT91",-15,-15]],[["STAT78",20,20]],[["STAT32",30,30]]]	["Hel: Requirements -15%","Amn: Attacker Takes Damage of 20","Nef: +30 Defense vs. Missile"]	{"STAT238":["STAT78",8]}	[["aar","Ancient Armor","normal"],["brs","Breast Plate","normal"],["ful","Full Plate Mail","normal"],["gth","Gothic Plate","normal"],["ltp","Light Plate","normal"],["rng","Ring Mail","normal"],["uar","Sacred Armor","elite"],["ucl","Loricated Mail","elite"],["uea","Wyrmhide","elite"],["uhn","Boneweave","elite"],["ula","Scarab Husk","elite"],["uld","Kraken Shell","elite"],["ult","Hellforge Plate","elite"],["ung","Diamond Mail","elite"],["upl","Balrog Skin","elite"],["urs","Great Hauberk","elite"],["uth","Lacquered Plate","elite"],["utp","Archon Plate","elite"],["utu","Wire Fleece","elite"],["uui","Dusk Shroud","elite"],["uul","Shadow Plate","elite"],["xar","Ornate Plate","exceptional"],["xcl","Tigulated Mail","exceptional"],["xhn","Mesh Armor","exceptional"],["xld","Sharktooth Armor","exceptional"],["xlt","Templar Coat","exceptional"],["xng","Linked Mail","exceptional"],["xpl","Russet Armor","exceptional"],["xrs","Cuirass","exceptional"],["xth","Embossed Plate","exceptional"],["xtp","Mage Plate","exceptional"],["xul","Chaos Armor","exceptional"]]
RW	Pattern	Runeword97	weapon	3	Tal Ort Tir	WEAPON	Hand to Hand	["EDAM","SK*","STAT119"]	[[["STAT119",10,10]],[["EDAM",80,120]],[["STAT49",32,32],["STAT48",12,12]],[["RES",15,15],["FRES",15,15],["LRES",15,15],["CRES",15,15],["PRES",15,15]],[["STR",6,6]],[["DEX",6,6]],[["FBR",30,30]]]	["10% Bonus to Attack Rating","+[80-120]% Enhanced Damage","Adds 12-32 Fire Damage","All Resistances +15","+6 to Strength","+6 to Dexterity","+30% Faster Block Rate"]	[[["STAT58",154,154],["STAT57",154,154]],[["STAT51",50,50],["STAT50",1,1]],[["STAT138",2,2]]]	["Tal: +75 Poison Damage over 5 Seconds","Ort: Adds 1-50 Lightning Damage","Tir: +2 to Mana after each Kill"]	{}	[["7ar","Suwayyah","elite"],["7cs","Battle Cestus","elite"],["7lw","Feral Claws","elite"],["7qr","Scissors Suwayyah","elite"],["7tw","Runic Talons","elite"],["7wb","Wrist Sword","elite"],["7xf","War Fist","elite"],["9ar","Quhab","exceptional"],["9cs","Hand Scythe","exceptional"],["9lw","Greater Claws","exceptional"],["9qr","Scissors Quhab","exceptional"],["9tw","Greater Talons","exceptional"],["9wb","Wrist Spike","exceptional"],["9xf","Fascia","exceptional"],["btl","Blade Talons","normal"],["clw","Claws","normal"],["skr","Scissors Katar","normal"]]
RW	Peace	Runeword98	armor	3	Shael Thul Amn	CHEST	Armor	["EDEF"]	[[["MULTI201,1100",1,1]],[["CLSK0",1,1]],[["SK9",2,3]],[["STAT464",1,1]]]	["8% Chance to cast level 12 Slow Movement when struck","+1 to Amazon Skill Levels","+[2-3] to Critical Strike (Amazon Only)","+1 to Maximum Valkyries"]	[[["FHR",20,20]],[["CRES",30,30]],[["STAT78",20,20]]]	["Shael: +20% Faster Hit Recovery","Thul: Cold Resist +30%","Amn: Attacker Takes Damage of 20"]	{}	[["aar","Ancient Armor","normal"],["brs","Breast Plate","normal"],["ful","Full Plate Mail","normal"],["gth","Gothic Plate","normal"],["ltp","Light Plate","normal"],["rng","Ring Mail","normal"],["uar","Sacred Armor","elite"],["ucl","Loricated Mail","elite"],["uea","Wyrmhide","elite"],["uhn","Boneweave","elite"],["ula","Scarab Husk","elite"],["uld","Kraken Shell","elite"],["ult","Hellforge Plate","elite"],["ung","Diamond Mail","elite"],["upl","Balrog Skin","elite"],["urs","Great Hauberk","elite"],["uth","Lacquered Plate","elite"],["utp","Archon Plate","elite"],["utu","Wire Fleece","elite"],["uui","Dusk Shroud","elite"],["uul","Shadow Plate","elite"],["xar","Ornate Plate","exceptional"],["xcl","Tigulated Mail","exceptional"],["xhn","Mesh Armor","exceptional"],["xld","Sharktooth Armor","exceptional"],["xlt","Templar Coat","exceptional"],["xng","Linked Mail","exceptional"],["xpl","Russet Armor","exceptional"],["xrs","Cuirass","exceptional"],["xth","Embossed Plate","exceptional"],["xtp","Mage Plate","exceptional"],["xul","Chaos Armor","exceptional"]]
RW	Phoenix	Runeword103	shield	4	Vex Vex Lo Jah	SHIELD	Any Shield	["AR","CRES","EDAM","EDEF","FRES","LRES","PRES","RES"]	[[["EDAM",250,300]],[["STAT32",350,400]],[["MULTI195,14440",1,1]],[["MULTI199,2984",1,1]],[["STAT333",28,28]],[["MULTI151,124",10,12]]]	["+[250-300]% Enhanced Damage","+[350-400] Defense vs. Missile","33% Chance to cast level 40 Firestorm on attack","100% Chance to cast level 40 Blaze when you Level-Up","-28% to Enemy Fire Resistance","Level [10-12] Redemption Aura When Equipped"]	[[["STAT40",4,4]],[["STAT40",4,4]],[["STAT42",4,4]],[["LIFE",75,75]]]	["Vex: +4% to Maximum Fire Resist","Vex: +4% to Maximum Fire Resist","Lo: +4% to Maximum Lightning Resist","Jah: +75 to Life"]	{}	[["pa1","Targe","normal"],["pa2","Rondache","normal"],["pa3","Heraldic Shield","normal"],["pa4","Aerin Shield","normal"],["pa5","Crown Shield","normal"],["pa6","Akaran Targe","exceptional"],["pa7","Akaran Rondache","exceptional"],["pa8","Protector Shield","exceptional"],["pa9","Gilded Shield","exceptional"],["paa","Royal Shield","exceptional"],["pab","Sacred Targe","elite"],["pac","Sacred Rondache","elite"],["pad","Kurast Shield","elite"],["pae","Zakarum Shield","elite"],["paf","Vortex Shield","elite"],["uit","Monarch","elite"],["uow","Aegis","elite"],["uts","Ward","elite"]]
RW	Plague	Runeword106	weapon	3	Cham Fal Um	WEAPON	Weapon, Javelin, Throwing Axe, Thrown Weapon	["EDAM","FCR","LIFE","MANA","SK*","STAT119","STAT141","STAT57","STAT58","STAT59","TABSK0","TABSK2"]	[[["STAT121",340,380]],[["MULTI201,28643",1,1]],[["MULTI198,5923",1,1]],[["FCR",20,20],["STAT336",20,20]],[["STAT250",3,3]],[["MULTI151,109",15,17]],[["ALLSK",1,2]]]	["+[340-380]% Damage to Demons","30% Chance to cast level 35 Lower Resist when struck","25% Chance to cast level 35 Poison Nova on striking","+20% Faster Cast Rate","0.38% Chance of Deadly Strike (Based on Character Level)","Level [15-17] Cleansing Aura When Equipped","+[1-2] to All Skills"]	[[["STAT134",3,3]],[["STR",10,10]],[["STAT135",10,10]],[["STAT501",120,120]]]	["Cham: Freezes target +3","Fal: +10 to Strength","Um: +10% Chance of Open Wounds","Um: +120 Open Wounds Damage Per Second"]	{"STAT250":["STAT141",8]}	[["2ax","Double Axe","normal"],["2hs","Two-Handed Sword","normal"],["6bs","Shillelagh","elite"],["6cb","Great Bow","elite"],["6cs","Elder Staff","elite"],["6hb","Blade Bow","elite"],["6hx","Colossus Crossbow","elite"],["6l7","Crusader Bow","elite"],["6lb","Shadow Bow","elite"],["6ls","Stalagmite","elite"],["6lw","Hydra Bow","elite"],["6lx","Pellet Bow","elite"],["6mx","Gorgon Crossbow","elite"],["6rx","Demon Crossbow","elite"],["6s7","Diamond Bow","elite"],["6sb","Spider Bow","elite"],["6ss","Walking Stick","elite"],["6sw","Ward Bow","elite"],["6ws","Archon Staff","elite"],["72a","Ettin Axe","elite"],["72h","Legend Sword","elite"],["7ar","Suwayyah","elite"],["7ax","Small Crescent","elite"],["7b7","Champion Sword","elite"],["7b8","Winged Axe","elite"],["7ba","Silver-edged Axe","elite"],["7br","Mancatcher","elite"],["7bs","Conquest Sword","elite"],["7bt","Decapitator","elite"],["7cl","Truncheon","elite"],["7cm","Highland Blade","elite"],["7cr","Phase Blade","elite"],["7cr2","Phase Blade","elite"],["7cs","Battle Cestus","elite"],["7fb","Colossus Sword","elite"],["7fc","Hydra Edge","elite"],["7fl","Scourge","elite"],["7ga","Champion Axe","elite"],["7gd","Colossus Blade","elite"],["7gi","Glorious Axe","elite"],["7gl","Ghost Glaive","elite"],["7gm","Thunder Maul","elite"],["7gs","Balrog Blade","elite"],["7h7","Great Poleaxe","elite"],["7ha","Tomahawk","elite"],["7kr","Fanged Knife","elite"],["7la","Feral Axe","elite"],["7ls","Cryptic Sword","elite"],["7lw","Feral Claws","elite"],["7m7","Ogre Maul","elite"],["7ma","Reinforced Mace","elite"],["7mp","War Spike","elite"],["7mt","Devil Star","elite"],["7o7","Ogre Axe","elite"],["7p7","War Pike","elite"],["7pa","Cryptic Axe","elite"],["7qr","Scissors Suwayyah","elite"],["7qs","Seraph Rod","elite"],["7s8","Thresher","elite"],["7sb","Elegant Blade","elite"],["7sc","Mighty Scepter","elite"],["7sm","Ataghan","elite"],["7sp","Tyrant Club","elite"],["7sr","Hyperion Spear","elite"],["7ss","Falcata","elite"],["7st","Ghost Spear","elite"],["7tr","Stygian Pike","elite"],["7ts","Winged Harpoon","elite"],["7tw","Runic Talons","elite"],["7vo","Colossus Voulge","elite"],["7wa","Berserker Axe","elite"],["7wb","Wrist Sword","elite"],["7wc","Giant Thresher","elite"],["7wd","Mythical Sword","elite"],["7wh","Legendary Mallet","elite"],["7ws","Caduceus","elite"],["7xf","War Fist","elite"],["8bs","Gothic Staff","exceptional"],["8cb","Double Bow","exceptional"],["8cs","Cedar Staff","exceptional"],["8hb","Razor Bow","exceptional"],["8hx","Ballista","exceptional"],["8l8","Large Siege Bow","exceptional"],["8lb","Cedar Bow","exceptional"],["8ls","Quarterstaff","exceptional"],["8lw","Gothic Bow","exceptional"],["8lx","Arbalest","exceptional"],["8mx","Siege Crossbow","exceptional"],["8rx","Chu-Ko-Nu","exceptional"],["8s8","Short Siege Bow","exceptional"],["8sb","Edge Bow","exceptional"],["8ss","Jo Staff","exceptional"],["8sw","Rune Bow","exceptional"],["8ws","Rune Staff","exceptional"],["92a","Twin Axe","exceptional"],["92h","Espandon","exceptional"],["9ar","Quhab","exceptional"],["9ax","Cleaver","exceptional"],["9b7","Lochaber Axe","exceptional"],["9b8","Hurlbat","exceptional"],["9b9","Gothic Sword","exceptional"],["9ba","Bearded Axe","exceptional"],["9br","War Fork","exceptional"],["9bs","Battle Sword","exceptional"],["9bt","Tabar","exceptional"],["9cl","Cudgel","exceptional"],["9cm","Dacian Falx","exceptional"],["9cr","Dimensional Blade","exceptional"],["9cs","Hand Scythe","exceptional"],["9fb","Zweihander","exceptional"],["9fc","Tulwar","exceptional"],["9fl","Knout","exceptional"],["9ga","Gothic Axe","exceptional"],["9gd","Executioner Sword","exceptional"],["9gi","Ancient Axe","exceptional"],["9gl","Spiculum","exceptional"],["9gm","Martel de Fer","exceptional"],["9gs","Tusk Sword","exceptional"],["9h9","Bec-de-Corbin","exceptional"],["9ha","Hatchet","exceptional"],["9kr","Cinquedeas","exceptional"],["9la","Military Axe","exceptional"],["9ls","Rune Sword","exceptional"],["9lw","Greater Claws","exceptional"],["9m9","War Club","exceptional"],["9ma","Flanged Mace","exceptional"],["9mp","Crowbill","exceptional"],["9mt","Jagged Star","exceptional"],["9p9","Lance","exceptional"],["9pa","Partizan","exceptional"],["9qr","Scissors Quhab","exceptional"],["9qs","Holy Water Sprinkler","exceptional"],["9s8","Battle Scythe","exceptional"],["9sb","Shamshir","exceptional"],["9sc","Rune Scepter","exceptional"],["9sm","Cutlass","exceptional"],["9sp","Barbed Club","exceptional"],["9sr","War Spear","exceptional"],["9ss","Gladius","exceptional"],["9st","Yari","exceptional"],["9tr","Fuscina","exceptional"],["9ts","Harpoon","exceptional"],["9tw","Greater Talons","exceptional"],["9vo","Bill","exceptional"],["9wa","Naga","exceptional"],["9wb","Wrist Spike","exceptional"],["9wc","Grim Scythe","exceptional"],["9wd","Ancient Sword","exceptional"],["9wh","Battle Hammer","exceptional"],["9ws","Divine Scepter","exceptional"],["9xf","Fascia","exceptional"],["am1","Stag Bow","normal"],["am2","Reflex Bow","normal"],["am3","Maiden Spear","normal"],["am4","Maiden Pike","normal"],["am6","Ashwood Bow","exceptional"],["am7","Ceremonial Bow","exceptional"],["am8","Ceremonial Spear","exceptional"],["am9","Ceremonial Pike","exceptional"],["amb","Matriarchal Bow","elite"],["amc","Grand Matron Bow","elite"],["amd","Matriarchal Spear","elite"],["ame","Matriarchal Pike","elite"],["axe","Axe","normal"],["bal","Balanced Axe","normal"],["bar","Bardiche","normal"],["bax","Broad Axe","normal"],["brn","Brandistock","normal"],["bsd","Broad Sword","normal"],["bst","Battle Staff","normal"],["bsw","Bastard Sword","normal"],["btl","Blade Talons","normal"],["btx","Battle Axe","normal"],["cbw","Composite Bow","normal"],["clm","Claymore","normal"],["clw","Claws","normal"],["crs","Crystal Sword","normal"],["cst","Gnarled Staff","normal"],["fla","Flail","normal"],["flb","Flamberge","normal"],["gax","Great Axe","normal"],["gis","Giant Sword","normal"],["gix","Giant Axe","normal"],["glv","Glaive","normal"],["gma","Great Maul","normal"],["gsc","Grand Scepter","normal"],["gsd","Great Sword","normal"],["hal","Halberd","normal"],["hbw","Hunter's Bow","normal"],["hfh","Hell Forge Hammer","normal"],["hst","Horadric Staff","normal"],["hxb","Heavy Crossbow","normal"],["kri","Kris","normal"],["lax","Large Axe","normal"],["lbb","Long Battle Bow","normal"],["lbw","Long Bow","normal"],["leg","Wirt's Leg","normal"],["lsd","Long Sword","normal"],["lst","Long Staff","normal"],["lwb","Long War Bow","normal"],["lxb","Light Crossbow","normal"],["mau","Maul","normal"],["mpi","Military Pick","normal"],["msf","Shaft of the Horadric Staff","normal"],["mst","Morning Star","normal"],["mxb","Crossbow","normal"],["ob1","Eagle Orb","normal"],["ob2","Sacred Globe","normal"],["ob3","Smoked Sphere","normal"],["ob4","Clasped Orb","normal"],["ob5","Jared's Stone","normal"],["ob6","Glowing Orb","exceptional"],["ob7","Crystalline Globe","exceptional"],["ob8","Cloudy Sphere","exceptional"],["ob9","Sparkling Ball","exceptional"],["oba","Swirling Crystal","exceptional"],["obb","Heavenly Stone","elite"],["obc","Eldritch Orb","elite"],["obd","Demon Heart","elite"],["obe","Vortex Orb","elite"],["obf","Dimensional Shard","elite"],["pax","Poleaxe","normal"],["pik","Pike","normal"],["qf1","Khalim's Flail","normal"],["qf2","Khalim's Will","normal"],["rxb","Repeating Crossbow","normal"],["sbb","Short Battle Bow","normal"],["sbw","Short Bow","normal"],["scy","Scythe","normal"],["skr","Scissors Katar","normal"],["spr","Spear","normal"],["spt","Spetum","normal"],["swb","Short War Bow","normal"],["tri","Trident","normal"],["tsp","Throwing Spear","normal"],["vou","Voulge","normal"],["wax","War Axe","normal"],["whm","War Hammer","normal"],["wsc","War Scythe","normal"],["wsd","War Sword","normal"],["wsp","War Scepter","normal"],["wst","War Staff","normal"]]
RW	Pride	Runeword109	weapon	4	Cham Sur Io Lo	WEAPON	Polearm, Spear, Staff	["EDAM","FCR","SK*","STAT119","TABSK2"]	[[["STAT219",32,32]],[["STAT51",280,280],["STAT50",50,50]],[["STAT119",260,300]],[["MULTI151,113",18,20]],[["MULTI201,3304",1,1]],[["STAT74",8,8]],[["STAT239",15,15]]]	["+4% Enhanced Maximum Damage (Based on Character Level)","Adds 50-280 Lightning Damage","[260-300]% Bonus to Attack Rating","Level [18-20] Concentration Aura When Equipped","25% Chance to cast level 40 Fire Wall when struck","Replenish Life +8","1.88% Extra Gold from Monsters (Based on Character Level)"]	[[["STAT134",3,3]],[["STAT86",4,4]],[["STAT3",10,10]],[["STAT141",20,20]]]	["Cham: Freezes target +3","Sur: +4 Life after each Kill","Io: +10 to Vitality","Lo: +20% Chance of Deadly Strike"]	{"STAT219":["MAXDMG",8],"STAT239":["GFIND",8]}	[["6bs","Shillelagh","elite"],["6cs","Elder Staff","elite"],["6ls","Stalagmite","elite"],["6ws","Archon Staff","elite"],["7br","Mancatcher","elite"],["7h7","Great Poleaxe","elite"],["7o7","Ogre Axe","elite"],["7p7","War Pike","elite"],["7pa","Cryptic Axe","elite"],["7s8","Thresher","elite"],["7sr","Hyperion Spear","elite"],["7st","Ghost Spear","elite"],["7tr","Stygian Pike","elite"],["7vo","Colossus Voulge","elite"],["7wc","Giant Thresher","elite"],["8bs","Gothic Staff","exceptional"],["8cs","Cedar Staff","exceptional"],["8ws","Rune Staff","exceptional"],["9b7","Lochaber Axe","exceptional"],["9br","War Fork","exceptional"],["9h9","Bec-de-Corbin","exceptional"],["9p9","Lance","exceptional"],["9pa","Partizan","exceptional"],["9s8","Battle Scythe","exceptional"],["9sr","War Spear","exceptional"],["9st","Yari","exceptional"],["9tr","Fuscina","exceptional"],["9vo","Bill","exceptional"],["9wc","Grim Scythe","exceptional"],["am3","Maiden Spear","normal"],["am4","Maiden Pike","normal"],["am8","Ceremonial Spear","exceptional"],["am9","Ceremonial Pike","exceptional"],["amd","Matriarchal Spear","elite"],["ame","Matriarchal Pike","elite"],["brn","Brandistock","normal"],["bst","Battle Staff","normal"],["cst","Gnarled Staff","normal"],["hal","Halberd","normal"],["hst","Horadric Staff","normal"],["pax","Poleaxe","normal"],["pik","Pike","normal"],["scy","Scythe","normal"],["spt","Spetum","normal"],["tri","Trident","normal"],["vou","Voulge","normal"],["wsc","War Scythe","normal"],["wst","War Staff","normal"]]
RW	Principle	Runeword110	armor	3	Ral Gul Eld	CHEST	Armor	["EDEF"]	[[["MULTI198,6494",1,1]],[["CLSK3",2,2]],[["LIFE",100,150]],[["STAT122",100,150]],[["STAT121",100,150]]]	["40% Chance to cast level 30 Holy Bolt on striking","+2 to Paladin Skill Levels","+[100-150] to Life","+[100-150]% Damage to Undead","+[100-150]% Damage to Demons"]	[[["FRES",30,30]],[["STAT46",4,4]],[["STAT154",15,15]]]	["Ral: Fire Resist +30%","Gul: +4% to Maximum Poison Resist","Eld: 15% Slower Stamina Drain"]	{}	[["aar","Ancient Armor","normal"],["brs","Breast Plate","normal"],["ful","Full Plate Mail","normal"],["gth","Gothic Plate","normal"],["ltp","Light Plate","normal"],["rng","Ring Mail","normal"],["uar","Sacred Armor","elite"],["ucl","Loricated Mail","elite"],["uea","Wyrmhide","elite"],["uhn","Boneweave","elite"],["ula","Scarab Husk","elite"],["uld","Kraken Shell","elite"],["ult","Hellforge Plate","elite"],["ung","Diamond Mail","elite"],["upl","Balrog Skin","elite"],["urs","Great Hauberk","elite"],["uth","Lacquered Plate","elite"],["utp","Archon Plate","elite"],["utu","Wire Fleece","elite"],["uui","Dusk Shroud","elite"],["uul","Shadow Plate","elite"],["xar","Ornate Plate","exceptional"],["xcl","Tigulated Mail","exceptional"],["xhn","Mesh Armor","exceptional"],["xld","Sharktooth Armor","exceptional"],["xlt","Templar Coat","exceptional"],["xng","Linked Mail","exceptional"],["xpl","Russet Armor","exceptional"],["xrs","Cuirass","exceptional"],["xth","Embossed Plate","exceptional"],["xtp","Mage Plate","exceptional"],["xul","Chaos Armor","exceptional"]]
RW	Prudence	Runeword112	armor	2	Mal Tir	CHEST	Armor	["EDEF"]	[[["EDEF",140,170]],[["STAT35",6,10]],[["STAT34",5,13]],[["RES",25,35],["FRES",25,35],["LRES",25,35],["CRES",25,35],["PRES",25,35]],[["FHR",25,25]],[],[["FCR",40,40]]]	["+[140-170]% Enhanced Defense","Magic Damage Taken Reduced by [6-10]","Physical Damage Taken Reduced by [5-13]","All Resistances +[25-35]","+25% Faster Hit Recovery","Repairs %d durability per second 0","+40% Faster Cast Rate"]	[[["STAT35",7,7]],[["STAT138",2,2]]]	["Mal: Magic Damage Taken Reduced by 7","Tir: +2 to Mana after each Kill"]	{}	[["aar","Ancient Armor","normal"],["brs","Breast Plate","normal"],["chn","Chain Mail","normal"],["fld","Field Plate","normal"],["ful","Full Plate Mail","normal"],["gth","Gothic Plate","normal"],["hla","Hard Leather Armor","normal"],["lea","Leather Armor","normal"],["ltp","Light Plate","normal"],["plt","Plate Mail","normal"],["qui","Quilted Armor","normal"],["rng","Ring Mail","normal"],["scl","Scale Mail","normal"],["spl","Splint Mail","normal"],["stu","Studded Leather","normal"],["uar","Sacred Armor","elite"],["ucl","Loricated Mail","elite"],["uea","Wyrmhide","elite"],["uhn","Boneweave","elite"],["ula","Scarab Husk","elite"],["uld","Kraken Shell","elite"],["ult","Hellforge Plate","elite"],["ung","Diamond Mail","elite"],["upl","Balrog Skin","elite"],["urs","Great Hauberk","elite"],["uth","Lacquered Plate","elite"],["utp","Archon Plate","elite"],["utu","Wire Fleece","elite"],["uui","Dusk Shroud","elite"],["uul","Shadow Plate","elite"],["xar","Ornate Plate","exceptional"],["xcl","Tigulated Mail","exceptional"],["xea","Serpentskin Armor","exceptional"],["xhn","Mesh Armor","exceptional"],["xla","Demonhide Armor","exceptional"],["xld","Sharktooth Armor","exceptional"],["xlt","Templar Coat","exceptional"],["xng","Linked Mail","exceptional"],["xpl","Russet Armor","exceptional"],["xrs","Cuirass","exceptional"],["xth","Embossed Plate","exceptional"],["xtp","Mage Plate","exceptional"],["xtu","Trellised Armor","exceptional"],["xui","Ghost Armor","exceptional"],["xul","Chaos Armor","exceptional"]]
RW	Rain	Runeword117	armor	3	Ort Mal Ith	CHEST	Armor	["EDEF"]	[[["MULTI198,15385",1,1]],[["MULTI201,15055",1,1]],[["CLSK5",2,2]],[["MANA",100,150]]]	["20% Chance to cast level 25 Twister on striking","8% Chance to cast level 15 Cyclone Armor when struck","+2 to Druid Skill Levels","+[100-150] to Mana"]	[[["LRES",30,30]],[["STAT35",7,7]],[["DTM",15,15]]]	["Ort: Lightning Resist +30%","Mal: Magic Damage Taken Reduced by 7","Ith: 15% Damage Taken Gained as Mana when Hit"]	{}	[["aar","Ancient Armor","normal"],["brs","Breast Plate","normal"],["ful","Full Plate Mail","normal"],["gth","Gothic Plate","normal"],["ltp","Light Plate","normal"],["rng","Ring Mail","normal"],["uar","Sacred Armor","elite"],["ucl","Loricated Mail","elite"],["uea","Wyrmhide","elite"],["uhn","Boneweave","elite"],["ula","Scarab Husk","elite"],["uld","Kraken Shell","elite"],["ult","Hellforge Plate","elite"],["ung","Diamond Mail","elite"],["upl","Balrog Skin","elite"],["urs","Great Hauberk","elite"],["uth","Lacquered Plate","elite"],["utp","Archon Plate","elite"],["utu","Wire Fleece","elite"],["uui","Dusk Shroud","elite"],["uul","Shadow Plate","elite"],["xar","Ornate Plate","exceptional"],["xcl","Tigulated Mail","exceptional"],["xhn","Mesh Armor","exceptional"],["xld","Sharktooth Armor","exceptional"],["xlt","Templar Coat","exceptional"],["xng","Linked Mail","exceptional"],["xpl","Russet Armor","exceptional"],["xrs","Cuirass","exceptional"],["xth","Embossed Plate","exceptional"],["xtp","Mage Plate","exceptional"],["xul","Chaos Armor","exceptional"]]
RW	Rift	Runeword121	weapon	4	Hel Ko Lem Gul	WEAPON	Polearm, Scepter, Spear, Sword	["EDAM","SK*","STAT119","TABSK2"]	[[["STAT53",250,250],["STAT52",160,160]],[["STAT49",180,180],["STAT48",60,60]],[["DTM",38,38]],[["MULTI198,15710",1,1]],[["MULTI198,4121",1,1]],[["IAS",60,60]],[["ALLATTRIB",15,20],["STR",15,20],["STAT1",15,20],["DEX",15,20],["STAT3",15,20]]]	["Adds 160-250 Magic Damage","Adds 60-180 Fire Damage","38% Damage Taken Gained as Mana when Hit","26% Chance to cast level 30 Tornado on striking","24% Chance to cast level 25 Frozen Orb on striking","+60% Increased Attack Speed","+[15-20] to all Attributes"]	[[["STAT91",-20,-20]],[["DEX",10,10]],[["GFIND",75,75]],[["STAT119",50,50]]]	["Hel: Requirements -20%","Ko: +10 to Dexterity","Lem: 75% Extra Gold from Monsters","Gul: 50% Bonus to Attack Rating"]	{}	[["7b7","Champion Sword","elite"],["7br","Mancatcher","elite"],["7bs","Conquest Sword","elite"],["7cm","Highland Blade","elite"],["7cr","Phase Blade","elite"],["7cr2","Phase Blade","elite"],["7fb","Colossus Sword","elite"],["7gd","Colossus Blade","elite"],["7gs","Balrog Blade","elite"],["7h7","Great Poleaxe","elite"],["7ls","Cryptic Sword","elite"],["7o7","Ogre Axe","elite"],["7p7","War Pike","elite"],["7pa","Cryptic Axe","elite"],["7s8","Thresher","elite"],["7sr","Hyperion Spear","elite"],["7st","Ghost Spear","elite"],["7tr","Stygian Pike","elite"],["7vo","Colossus Voulge","elite"],["7wc","Giant Thresher","elite"],["7ws","Caduceus","elite"],["9b7","Lochaber Axe","exceptional"],["9b9","Gothic Sword","exceptional"],["9br","War Fork","exceptional"],["9bs","Battle Sword","exceptional"],["9cm","Dacian Falx","exceptional"],["9cr","Dimensional Blade","exceptional"],["9fb","Zweihander","exceptional"],["9gd","Executioner Sword","exceptional"],["9gs","Tusk Sword","exceptional"],["9h9","Bec-de-Corbin","exceptional"],["9ls","Rune Sword","exceptional"],["9p9","Lance","exceptional"],["9pa","Partizan","exceptional"],["9s8","Battle Scythe","exceptional"],["9sr","War Spear","exceptional"],["9st","Yari","exceptional"],["9tr","Fuscina","exceptional"],["9vo","Bill","exceptional"],["9wc","Grim Scythe","exceptional"],["9ws","Divine Scepter","exceptional"],["am3","Maiden Spear","normal"],["am4","Maiden Pike","normal"],["am8","Ceremonial Spear","exceptional"],["am9","Ceremonial Pike","exceptional"],["amd","Matriarchal Spear","elite"],["ame","Matriarchal Pike","elite"],["brn","Brandistock","normal"],["bsd","Broad Sword","normal"],["bsw","Bastard Sword","normal"],["clm","Claymore","normal"],["crs","Crystal Sword","normal"],["flb","Flamberge","normal"],["gis","Giant Sword","normal"],["gsd","Great Sword","normal"],["hal","Halberd","normal"],["lsd","Long Sword","normal"],["pax","Poleaxe","normal"],["pik","Pike","normal"],["scy","Scythe","normal"],["spt","Spetum","normal"],["tri","Trident","normal"],["vou","Voulge","normal"],["wsc","War Scythe","normal"],["wsp","War Scepter","normal"]]
RW	Treachery	Runeword148	armor	3	Shael Thul Lem	CHEST	Armor	["EDEF"]	[[["MULTI198,17807",1,1]],[["MULTI201,17493",1,1]],[["CLSK6",2,2]],[["IAS",45,45]]]	["25% Chance to cast level 15 Venom on striking","15% Chance to cast level 21 Mind Blast when struck","+2 to Assassin Skill Levels","+45% Increased Attack Speed"]	[[["FHR",20,20]],[["CRES",30,30]],[["GFIND",50,50]]]	["Shael: +20% Faster Hit Recovery","Thul: Cold Resist +30%","Lem: 50% Extra Gold from Monsters"]	{}	[["aar","Ancient Armor","normal"],["brs","Breast Plate","normal"],["ful","Full Plate Mail","normal"],["gth","Gothic Plate","normal"],["ltp","Light Plate","normal"],["rng","Ring Mail","normal"],["uar","Sacred Armor","elite"],["ucl","Loricated Mail","elite"],["uea","Wyrmhide","elite"],["uhn","Boneweave","elite"],["ula","Scarab Husk","elite"],["uld","Kraken Shell","elite"],["ult","Hellforge Plate","elite"],["ung","Diamond Mail","elite"],["upl","Balrog Skin","elite"],["urs","Great Hauberk","elite"],["uth","Lacquered Plate","elite"],["utp","Archon Plate","elite"],["utu","Wire Fleece","elite"],["uui","Dusk Shroud","elite"],["uul","Shadow Plate","elite"],["xar","Ornate Plate","exceptional"],["xcl","Tigulated Mail","exceptional"],["xhn","Mesh Armor","exceptional"],["xld","Sharktooth Armor","exceptional"],["xlt","Templar Coat","exceptional"],["xng","Linked Mail","exceptional"],["xpl","Russet Armor","exceptional"],["xrs","Cuirass","exceptional"],["xth","Embossed Plate","exceptional"],["xtp","Mage Plate","exceptional"],["xul","Chaos Armor","exceptional"]]
RW	Unbending Will	Runeword151	weapon	6	Fal Io Ith Eld El Hel	WEAPON	Sword	["EDAM","STAT119"]	[[["MULTI198,8786",1,1]],[["TABSK32",3,3]],[["IAS",20,30]],[["EDAM",300,350]],[["STAT60",8,10]],[["STAT34",8,8]],[["STAT117",1,1]]]	["8% Chance to cast level 18 Taunt on striking","+3 to Combat Skills (Barbarian Only)","+[20-30]% Increased Attack Speed","+[300-350]% Enhanced Damage","[8-10]% Life stolen per hit","Physical Damage Taken Reduced by 8","Prevent Monster Heal"]	[[["STR",10,10]],[["STAT3",10,10]],[["MAXDMG",9,9]],[["STAT124",50,50]],[["STAT122",75,75]],[["STAT89",1,1]],[["AR",50,50]],[["STAT91",-20,-20]]]	["Fal: +10 to Strength","Io: +10 to Vitality","Ith: +9 to Maximum Damage","Eld: +50 to Attack Rating against Undead","Eld: +75% Damage to Undead","El: +1 to Light Radius","El: +50 to Attack Rating","Hel: Requirements -20%"]	{}	[["7cr","Phase Blade","elite"],["7cr2","Phase Blade","elite"],["7gd","Colossus Blade","elite"],["9cr","Dimensional Blade","exceptional"],["9gd","Executioner Sword","exceptional"],["crs","Crystal Sword","normal"],["gsd","Great Sword","normal"]]
RW	Grief	Runeword47	weapon	5	Eth Tir Lo Mal Ral	WEAPON	Sword, Axe, Scythe Type, Polearm	["EDAM","STAT119"]	[[["STAT243",15,15]],[["MINDMG",280,280]],[["MAXDMG",320,360]],[["IAS",30,40]],[["MULTI198,17807",1,1]],[["STAT336",15,20]],[["STAT86",10,15]]]	["+1.88% Damage to Demons (Based on Character Level)","+280 to Minimum Damage","+[320-360] to Maximum Damage","+[30-40]% Increased Attack Speed","35% Chance to cast level 15 Venom on striking","-[15-20]% to Enemy Poison Resistance","+[10-15] Life after each Kill"]	[[["STAT116",25,25]],[["STAT138",2,2]],[["STAT141",20,20]],[["STAT117",1,1]],[["STAT49",30,30],["STAT48",5,5]]]	["Eth: -25% Target Defense","Tir: +2 to Mana after each Kill","Lo: +20% Chance of Deadly Strike","Mal: Prevent Monster Heal","Ral: Adds 5-30 Fire Damage"]	{"STAT243":["STAT121",8]}	[["2ax","Double Axe","normal"],["72a","Ettin Axe","elite"],["7ba","Silver-edged Axe","elite"],["7bt","Decapitator","elite"],["7cr","Phase Blade","elite"],["7cr2","Phase Blade","elite"],["7fb","Colossus Sword","elite"],["7ga","Champion Axe","elite"],["7gd","Colossus Blade","elite"],["7gi","Glorious Axe","elite"],["7h7","Great Poleaxe","elite"],["7la","Feral Axe","elite"],["7ls","Cryptic Sword","elite"],["7mp","War Spike","elite"],["7pa","Cryptic Axe","elite"],["7s8","Thresher","elite"],["7wa","Berserker Axe","elite"],["7wc","Giant Thresher","elite"],["92a","Twin Axe","exceptional"],["9ba","Bearded Axe","exceptional"],["9bt","Tabar","exceptional"],["9cr","Dimensional Blade","exceptional"],["9fb","Zweihander","exceptional"],["9ga","Gothic Axe","exceptional"],["9gd","Executioner Sword","exceptional"],["9gi","Ancient Axe","exceptional"],["9h9","Bec-de-Corbin","exceptional"],["9la","Military Axe","exceptional"],["9ls","Rune Sword","exceptional"],["9mp","Crowbill","exceptional"],["9pa","Partizan","exceptional"],["9s8","Battle Scythe","exceptional"],["9wa","Naga","exceptional"],["9wc","Grim Scythe","exceptional"],["bax","Broad Axe","normal"],["btx","Battle Axe","normal"],["crs","Crystal Sword","normal"],["flb","Flamberge","normal"],["gax","Great Axe","normal"],["gix","Giant Axe","normal"],["gsd","Great Sword","normal"],["hal","Halberd","normal"],["mpi","Military Pick","normal"],["pax","Poleaxe","normal"],["scy","Scythe","normal"],["wax","War Axe","normal"],["wsc","War Scythe","normal"]]
RW	Wind	Runeword163	weapon	2	Sur El	WEAPON	Melee Weapon, not Staff or Thrown Weapon	["EDAM","SK*","STAT119","STAT141","STAT57","STAT58","STAT59","TABSK2"]	[[["EDAM",320,380]],[["IAS",40,40]],[["FRW",20,30]],[["STAT116",50,50]],[["MULTI198,15715",1,1]],[["MULTI198,15395",1,1]],[["MULTI201,15049",1,1]]]	["+[320-380]% Enhanced Damage","+40% Increased Attack Speed","+[20-30]% Faster Run/Walk","-50% Target Defense","18% Chance to cast level 35 Tornado on striking","18% Chance to cast level 35 Twister on striking","5% Chance to cast level 9 Cyclone Armor when struck"]	[[["STAT86",4,4]],[["STAT89",1,1]],[["AR",50,50]]]	["Sur: +4 Life after each Kill","El: +1 to Light Radius","El: +50 to Attack Rating"]	{}	[["2ax","Double Axe","normal"],["2hs","Two-Handed Sword","normal"],["72a","Ettin Axe","elite"],["72h","Legend Sword","elite"],["7ar","Suwayyah","elite"],["7ax","Small Crescent","elite"],["7b7","Champion Sword","elite"],["7ba","Silver-edged Axe","elite"],["7bl","Legend Spike","elite"],["7br","Mancatcher","elite"],["7bs","Conquest Sword","elite"],["7bt","Decapitator","elite"],["7bw","Lich Wand","elite"],["7cl","Truncheon","elite"],["7cm","Highland Blade","elite"],["7cr","Phase Blade","elite"],["7cr2","Phase Blade","elite"],["7cs","Battle Cestus","elite"],["7dg","Bone Knife","elite"],["7di","Mithril Point","elite"],["7fb","Colossus Sword","elite"],["7fc","Hydra Edge","elite"],["7fl","Scourge","elite"],["7ga","Champion Axe","elite"],["7gd","Colossus Blade","elite"],["7gi","Glorious Axe","elite"],["7gm","Thunder Maul","elite"],["7gs","Balrog Blade","elite"],["7gw","Unearthed Wand","elite"],["7h7","Great Poleaxe","elite"],["7ha","Tomahawk","elite"],["7kr","Fanged Knife","elite"],["7la","Feral Axe","elite"],["7ls","Cryptic Sword","elite"],["7lw","Feral Claws","elite"],["7m7","Ogre Maul","elite"],["7ma","Reinforced Mace","elite"],["7mp","War Spike","elite"],["7mt","Devil Star","elite"],["7o7","Ogre Axe","elite"],["7p7","War Pike","elite"],["7pa","Cryptic Axe","elite"],["7qr","Scissors Suwayyah","elite"],["7qs","Seraph Rod","elite"],["7s8","Thresher","elite"],["7sb","Elegant Blade","elite"],["7sc","Mighty Scepter","elite"],["7sm","Ataghan","elite"],["7sp","Tyrant Club","elite"],["7sr","Hyperion Spear","elite"],["7ss","Falcata","elite"],["7st","Ghost Spear","elite"],["7tr","Stygian Pike","elite"],["7tw","Runic Talons","elite"],["7vo","Colossus Voulge","elite"],["7wa","Berserker Axe","elite"],["7wb","Wrist Sword","elite"],["7wc","Giant Thresher","elite"],["7wd","Mythical Sword","elite"],["7wh","Legendary Mallet","elite"],["7wn","Polished Wand","elite"],["7ws","Caduceus","elite"],["7xf","War Fist","elite"],["7yw","Ghost Wand","elite"],["92a","Twin Axe","exceptional"],["92h","Espandon","exceptional"],["9ar","Quhab","exceptional"],["9ax","Cleaver","exceptional"],["9b7","Lochaber Axe","exceptional"],["9b9","Gothic Sword","exceptional"],["9ba","Bearded Axe","exceptional"],["9bl","Stiletto","exceptional"],["9br","War Fork","exceptional"],["9bs","Battle Sword","exceptional"],["9bt","Tabar","exceptional"],["9bw","Tomb Wand","exceptional"],["9cl","Cudgel","exceptional"],["9cm","Dacian Falx","exceptional"],["9cr","Dimensional Blade","exceptional"],["9cs","Hand Scythe","exceptional"],["9dg","Poignard","exceptional"],["9di","Rondel","exceptional"],["9fb","Zweihander","exceptional"],["9fc","Tulwar","exceptional"],["9fl","Knout","exceptional"],["9ga","Gothic Axe","exceptional"],["9gd","Executioner Sword","exceptional"],["9gi","Ancient Axe","exceptional"],["9gm","Martel de Fer","exceptional"],["9gs","Tusk Sword","exceptional"],["9gw","Grave Wand","exceptional"],["9h9","Bec-de-Corbin","exceptional"],["9ha","Hatchet","exceptional"],["9kr","Cinquedeas","exceptional"],["9la","Military Axe","exceptional"],["9ls","Rune Sword","exceptional"],["9lw","Greater Claws","exceptional"],["9m9","War Club","exceptional"],["9ma","Flanged Mace","exceptional"],["9mp","Crowbill","exceptional"],["9mt","Jagged Star","exceptional"],["9p9","Lance","exceptional"],["9pa","Partizan","exceptional"],["9qr","Scissors Quhab","exceptional"],["9qs","Holy Water Sprinkler","exceptional"],["9s8","Battle Scythe","exceptional"],["9sb","Shamshir","exceptional"],["9sc","Rune Scepter","exceptional"],["9sm","Cutlass","exceptional"],["9sp","Barbed Club","exceptional"],["9sr","War Spear","exceptional"],["9ss","Gladius","exceptional"],["9st","Yari","exceptional"],["9tr","Fuscina","exceptional"],["9tw","Greater Talons","exceptional"],["9vo","Bill","exceptional"],["9wa","Naga","exceptional"],["9wb","Wrist Spike","exceptional"],["9wc","Grim Scythe","exceptional"],["9wd","Ancient Sword","exceptional"],["9wh","Battle Hammer","exceptional"],["9ws","Divine Scepter","exceptional"],["9xf","Fascia","exceptional"],["9yw","Petrified Wand","exceptional"],["am3","Maiden Spear","normal"],["am4","Maiden Pike","normal"],["am8","Ceremonial Spear","exceptional"],["am9","Ceremonial Pike","exceptional"],["amd","Matriarchal Spear","elite"],["ame","Matriarchal Pike","elite"],["axe","Axe","normal"],["axf","Hatchet Hands","normal"],["bar","Bardiche","normal"],["bax","Broad Axe","normal"],["bld","Blade","normal"],["brn","Brandistock","normal"],["bsd","Broad Sword","normal"],["bsw","Bastard Sword","normal"],["btl","Blade Talons","normal"],["btx","Battle Axe","normal"],["bwn","Bone Wand","normal"],["ces","Cestus","normal"],["clb","Club","normal"],["clm","Claymore","normal"],["clw","Claws","normal"],["crs","Crystal Sword","normal"],["fla","Flail","normal"],["flb","Flamberge","normal"],["flc","Falchion","normal"],["g33","The Gidbinn","normal"],["gax","Great Axe","normal"],["gis","Giant Sword","normal"],["gix","Giant Axe","normal"],["gma","Great Maul","normal"],["gsc","Grand Scepter","normal"],["gsd","Great Sword","normal"],["gwn","Grim Wand","normal"],["hal","Halberd","normal"],["hax","Hand Axe","normal"],["hdm","Horadric Malus","normal"],["hfh","Hell Forge Hammer","normal"],["kri","Kris","normal"],["ktr","Katar","normal"],["lax","Large Axe","normal"],["leg","Wirt's Leg","normal"],["lsd","Long Sword","normal"],["mac","Mace","normal"],["mau","Maul","normal"],["mpi","Military Pick","normal"],["mst","Morning Star","normal"],["pax","Poleaxe","normal"],["pik","Pike","normal"],["qf1","Khalim's Flail","normal"],["qf2","Khalim's Will","normal"],["sbr","Sabre","normal"],["scm","Scimitar","normal"],["scp","Scepter","normal"],["scy","Scythe","normal"],["skr","Scissors Katar","normal"],["spc","Spiked Club","normal"],["spr","Spear","normal"],["spt","Spetum","normal"],["ssd","Short Sword","normal"],["tri","Trident","normal"],["vou","Voulge","normal"],["wax","War Axe","normal"],["whm","War Hammer","normal"],["wrb","Wrist Blade","normal"],["wsc","War Scythe","normal"],["wsd","War Sword","normal"],["wsp","War Scepter","normal"]]
RW	Voice of Reason	Runeword99	weapon	4	Lem Ko El Eld	WEAPON	Sword, Mace, Missile Weapon, Scepter	["EDAM","SK*","STAT119","TABSK0"]	[[["STAT121",240,300]],[["STAT122",250,280]],[["STAT55",320,320],["STAT54",200,200]],[["STAT335",24,24]],[["MULTI198,2900",1,1]],[["MULTI198,4112",1,1]],[["STAT153",1,1]]]	["+[240-300]% Damage to Demons","+[250-280]% Damage to Undead","Adds 200-320 Cold Damage","-24% to Enemy Cold Resistance","18% Chance to cast level 20 Ice Blast on striking","15% Chance to cast level 16 Frozen Orb on striking","Cannot Be Frozen"]	[[["GFIND",75,75]],[["DEX",10,10]],[["STAT89",1,1]],[["AR",50,50]],[["STAT124",50,50]],[["STAT122",75,75]]]	["Lem: 75% Extra Gold from Monsters","Ko: +10 to Dexterity","El: +1 to Light Radius","El: +50 to Attack Rating","Eld: +50 to Attack Rating against Undead","Eld: +75% Damage to Undead"]	{}	[["6cb","Great Bow","elite"],["6hb","Blade Bow","elite"],["6hx","Colossus Crossbow","elite"],["6l7","Crusader Bow","elite"],["6lb","Shadow Bow","elite"],["6lw","Hydra Bow","elite"],["6lx","Pellet Bow","elite"],["6mx","Gorgon Crossbow","elite"],["6rx","Demon Crossbow","elite"],["6s7","Diamond Bow","elite"],["6sb","Spider Bow","elite"],["6sw","Ward Bow","elite"],["7b7","Champion Sword","elite"],["7bs","Conquest Sword","elite"],["7cm","Highland Blade","elite"],["7cr","Phase Blade","elite"],["7cr2","Phase Blade","elite"],["7fb","Colossus Sword","elite"],["7fl","Scourge","elite"],["7gd","Colossus Blade","elite"],["7gs","Balrog Blade","elite"],["7ls","Cryptic Sword","elite"],["7ws","Caduceus","elite"],["8cb","Double Bow","exceptional"],["8hb","Razor Bow","exceptional"],["8hx","Ballista","exceptional"],["8l8","Large Siege Bow","exceptional"],["8lb","Cedar Bow","exceptional"],["8lw","Gothic Bow","exceptional"],["8lx","Arbalest","exceptional"],["8mx","Siege Crossbow","exceptional"],["8rx","Chu-Ko-Nu","exceptional"],["8s8","Short Siege Bow","exceptional"],["8sb","Edge Bow","exceptional"],["8sw","Rune Bow","exceptional"],["9b9","Gothic Sword","exceptional"],["9bs","Battle Sword","exceptional"],["9cm","Dacian Falx","exceptional"],["9cr","Dimensional Blade","exceptional"],["9fb","Zweihander","exceptional"],["9fl","Knout","exceptional"],["9gd","Executioner Sword","exceptional"],["9gs","Tusk Sword","exceptional"],["9ls","Rune Sword","exceptional"],["9ws","Divine Scepter","exceptional"],["am1","Stag Bow","normal"],["am2","Reflex Bow","normal"],["am6","Ashwood Bow","exceptional"],["am7","Ceremonial Bow","exceptional"],["amb","Matriarchal Bow","elite"],["amc","Grand Matron Bow","elite"],["bsd","Broad Sword","normal"],["bsw","Bastard Sword","normal"],["cbw","Composite Bow","normal"],["clm","Claymore","normal"],["crs","Crystal Sword","normal"],["fla","Flail","normal"],["flb","Flamberge","normal"],["gis","Giant Sword","normal"],["gsd","Great Sword","normal"],["hbw","Hunter's Bow","normal"],["hxb","Heavy Crossbow","normal"],["lbb","Long Battle Bow","normal"],["lbw","Long Bow","normal"],["lsd","Long Sword","normal"],["lwb","Long War Bow","normal"],["mxb","Crossbow","normal"],["rxb","Repeating Crossbow","normal"],["sbb","Short Battle Bow","normal"],["swb","Short War Bow","normal"],["wsp","War Scepter","normal"]]
RW	Wisdom	Runeword165	armor	3	Pul Ith Eld	CIRC,HELM	Helm	["EDEF","SK*"]	[[["STAT156",33,33]],[["STAT119",15,25]],[["STAT62",4,8]],[["STAT1",10,10]],[["STAT153",1,1]],[["STAT138",5,5]]]	["+33% Chance to Pierce","[15-25]% Bonus to Attack Rating","[4-8]% Mana stolen per hit","+10 to Energy","Cannot Be Frozen","+5 to Mana after each Kill"]	[[["EDEF",50,50]],[["DTM",15,15]],[["STAT154",15,15]]]	["Pul: +50% Enhanced Defense","Ith: 15% Damage Taken Gained as Mana when Hit","Eld: 15% Slower Stamina Drain"]	{}	[["ba1","Jawbone Cap","normal"],["ba2","Fanged Helm","normal"],["ba3","Horned Helm","normal"],["ba4","Assault Helmet","normal"],["ba5","Avenger Guard","normal"],["ba6","Jawbone Visor","exceptional"],["ba7","Lion Helm","exceptional"],["ba8","Rage Mask","exceptional"],["ba9","Savage Helmet","exceptional"],["baa","Slayer Guard","exceptional"],["bab","Carnage Helm","elite"],["bac","Fury Visor","elite"],["bad","Destroyer Helm","elite"],["bae","Conqueror Crown","elite"],["baf","Guardian Crown","elite"],["ci2","Tiara","exceptional"],["ci3","Diadem","elite"],["crn","Crown","normal"],["dr1","Wolf Head","normal"],["dr2","Hawk Helm","normal"],["dr3","Antlers","normal"],["dr4","Falcon Mask","normal"],["dr5","Spirit Mask","normal"],["dr6","Alpha Helm","exceptional"],["dr7","Griffon Headdress","exceptional"],["dr8","Hunter's Guise","exceptional"],["dr9","Sacred Feathers","exceptional"],["dra","Totemic Mask","exceptional"],["drb","Blood Spirit","elite"],["drc","Sun Spirit","elite"],["drd","Earth Spirit","elite"],["dre","Sky Spirit","elite"],["drf","Dream Spirit","elite"],["ghm","Great Helm","normal"],["msk","Mask","normal"],["uh9","Bone Visage","elite"],["uhm","Spired Helm","elite"],["urn","Corona","elite"],["usk","Demonhead","elite"],["xhm","Winged Helm","exceptional"],["xrn","Grand Crown","exceptional"],["xsk","Death Mask","exceptional"]]
RW	Wrath	Runeword168	weapon	4	Pul Lum Ber Mal	WEAPON	Missile Weapon	["EDAM","STAT119","TABSK0"]	[[["STAT121",300,300]],[["STAT122",250,300]],[["STAT51",240,240],["STAT50",41,41]],[["STAT53",120,120],["STAT52",85,85]],[["IAS",30,45]],[["MULTI198,28319",1,1]],[["STAT153",1,1]]]	["+300% Damage to Demons","+[250-300]% Damage to Undead","Adds 41-240 Lightning Damage","Adds 85-120 Magic Damage","+[30-45]% Increased Attack Speed","60% Chance to cast level 31 Amplify Damage on striking","Cannot Be Frozen"]	[[["STAT123",100,100]],[["STAT121",75,75]],[["STAT1",10,10]],[["STAT136",20,20]],[["STAT117",1,1]]]	["Pul: +100 to Attack Rating against Demons","Pul: +75% Damage to Demons","Lum: +10 to Energy","Ber: +20% Chance of Crushing Blow","Mal: Prevent Monster Heal"]	{}	[["6cb","Great Bow","elite"],["6hb","Blade Bow","elite"],["6hx","Colossus Crossbow","elite"],["6l7","Crusader Bow","elite"],["6lb","Shadow Bow","elite"],["6lw","Hydra Bow","elite"],["6lx","Pellet Bow","elite"],["6mx","Gorgon Crossbow","elite"],["6rx","Demon Crossbow","elite"],["6s7","Diamond Bow","elite"],["6sb","Spider Bow","elite"],["6sw","Ward Bow","elite"],["8cb","Double Bow","exceptional"],["8hb","Razor Bow","exceptional"],["8hx","Ballista","exceptional"],["8l8","Large Siege Bow","exceptional"],["8lb","Cedar Bow","exceptional"],["8lw","Gothic Bow","exceptional"],["8lx","Arbalest","exceptional"],["8mx","Siege Crossbow","exceptional"],["8rx","Chu-Ko-Nu","exceptional"],["8s8","Short Siege Bow","exceptional"],["8sb","Edge Bow","exceptional"],["8sw","Rune Bow","exceptional"],["am1","Stag Bow","normal"],["am2","Reflex Bow","normal"],["am6","Ashwood Bow","exceptional"],["am7","Ceremonial Bow","exceptional"],["amb","Matriarchal Bow","elite"],["amc","Grand Matron Bow","elite"],["cbw","Composite Bow","normal"],["hbw","Hunter's Bow","normal"],["hxb","Heavy Crossbow","normal"],["lbb","Long Battle Bow","normal"],["lbw","Long Bow","normal"],["lwb","Long War Bow","normal"],["mxb","Crossbow","normal"],["rxb","Repeating Crossbow","normal"],["sbb","Short Battle Bow","normal"],["swb","Short War Bow","normal"]]
RW	Doom	Runeword26	weapon	5	Hel Ohm Um Lo Cham	WEAPON	Staff	["EDAM","FCR","SK*","STAT119"]	[[["EDAM",290,330]],[["MULTI151,114",16,16]],[["IAS",45,45]],[["FCR",30,30]],[["STAT335",30,50]],[["ALLSK",2,2]],[["MULTI200,14684",1,1]]]	["+[290-330]% Enhanced Damage","Level 16 Holy Freeze Aura When Equipped","+45% Increased Attack Speed","+30% Faster Cast Rate","-[30-50]% to Enemy Cold Resistance","+2 to All Skills","10% Chance to cast level 28 Molten Boulder on casting"]	[[["STAT91",-20,-20]],[["EDAM",45,45]],[["STAT135",10,10]],[["STAT501",120,120]],[["STAT141",20,20]],[["STAT134",3,3]]]	["Hel: Requirements -20%","Ohm: +45% Enhanced Damage","Um: +10% Chance of Open Wounds","Um: +120 Open Wounds Damage Per Second","Lo: +20% Chance of Deadly Strike","Cham: Freezes target +3"]	{}	[["6ws","Archon Staff","elite"],["8ws","Rune Staff","exceptional"],["wst","War Staff","normal"]]
RW	Infinity	Runeword60	weapon	4	Ber Mal Ber Ist	WEAPON	Staff	["EDAM","FCR","SK*","STAT119"]	[[["EDAM",255,325]],[["FRW",35,35]],[["STAT223",4,4]],[["MULTI151,123",12,12]],[["MULTI200,3412",1,1]],[["STAT334",40,50]],[["MULTI200,15055",1,1]]]	["+[255-325]% Enhanced Damage","+35% Faster Run/Walk","+0.5 to Vitality (Based on Character Level)","Level 12 Conviction Aura When Equipped","15% Chance to cast level 20 Chain Lightning on casting","-[40-50]% to Enemy Lightning Resistance","2% Chance to cast level 15 Cyclone Armor on casting"]	[[["STAT136",20,20]],[["STAT117",1,1]],[["STAT136",20,20]],[["MFIND",30,30]]]	["Ber: +20% Chance of Crushing Blow","Mal: Prevent Monster Heal","Ber: +20% Chance of Crushing Blow","Ist: 30% Better Chance of Getting Magic Items"]	{"STAT223":["STAT3",8]}	[["6bs","Shillelagh","elite"],["6cs","Elder Staff","elite"],["6ls","Stalagmite","elite"],["6ws","Archon Staff","elite"],["8bs","Gothic Staff","exceptional"],["8cs","Cedar Staff","exceptional"],["8ws","Rune Staff","exceptional"],["bst","Battle Staff","normal"],["cst","Gnarled Staff","normal"],["hst","Horadric Staff","normal"],["wst","War Staff","normal"]]
RW	Spirit	Runeword130	weapon	4	Tal Thul Ort Amn	WEAPON	Staff	["EDAM","FCR","SK*","STAT119"]	[[["FHR",55,55]],[["MANA",59,82]],[["STAT91",-15,-15]],[["STAT3",11,22]],[["FCR",25,35]],[["STAT147",3,8]],[["ALLSK",2,2]]]	["+55% Faster Hit Recovery","+[59-82] to Mana","Requirements -15%","+[11-22] to Vitality","+[25-35]% Faster Cast Rate","+[3-8] Magic Absorb","+2 to All Skills"]	[[["STAT58",154,154],["STAT57",154,154]],[["STAT55",14,14],["STAT54",3,3]],[["STAT51",50,50],["STAT50",1,1]],[["STAT60",7,7]]]	["Tal: +75 Poison Damage over 5 Seconds","Thul: Adds 3-14 Cold Damage","Ort: Adds 1-50 Lightning Damage","Amn: 7% Life stolen per hit"]	{}	[["6bs","Shillelagh","elite"],["6cs","Elder Staff","elite"],["6ls","Stalagmite","elite"],["6ws","Archon Staff","elite"],["8bs","Gothic Staff","exceptional"],["8cs","Cedar Staff","exceptional"],["8ws","Rune Staff","exceptional"],["bst","Battle Staff","normal"],["cst","Gnarled Staff","normal"],["hst","Horadric Staff","normal"],["wst","War Staff","normal"]]
RW	Phoenix	Runeword103	weapon	4	Vex Vex Lo Jah	WEAPON	Weapon, not Staff	["EDAM","LIFE","MANA","SK*","STAT119","TABSK0","TABSK2"]	[[["EDAM",400,450]],[["STAT32",350,400]],[["MULTI195,14440",1,1]],[["MULTI199,2984",1,1]],[["STAT333",28,28]],[["MULTI151,124",10,12]],[["STAT143",15,21]]]	["+[400-450]% Enhanced Damage","+[350-400] Defense vs. Missile","33% Chance to cast level 40 Firestorm on attack","100% Chance to cast level 40 Blaze when you Level-Up","-28% to Enemy Fire Resistance","Level [10-12] Redemption Aura When Equipped","+[15-21] Fire Absorb"]	[[["STAT62",7,7]],[["STAT62",7,7]],[["STAT141",20,20]],[["STAT115",1,1]]]	["Vex: 7% Mana stolen per hit","Vex: 7% Mana stolen per hit","Lo: +20% Chance of Deadly Strike","Jah: Ignore Target's Defense"]	{}	[["2ax","Double Axe","normal"],["6cb","Great Bow","elite"],["6hb","Blade Bow","elite"],["6hx","Colossus Crossbow","elite"],["6l7","Crusader Bow","elite"],["6lb","Shadow Bow","elite"],["6lw","Hydra Bow","elite"],["6lx","Pellet Bow","elite"],["6mx","Gorgon Crossbow","elite"],["6rx","Demon Crossbow","elite"],["6s7","Diamond Bow","elite"],["6sb","Spider Bow","elite"],["6sw","Ward Bow","elite"],["72a","Ettin Axe","elite"],["7ax","Small Crescent","elite"],["7b7","Champion Sword","elite"],["7ba","Silver-edged Axe","elite"],["7br","Mancatcher","elite"],["7bs","Conquest Sword","elite"],["7bt","Decapitator","elite"],["7cm","Highland Blade","elite"],["7cr","Phase Blade","elite"],["7cr2","Phase Blade","elite"],["7fb","Colossus Sword","elite"],["7fl","Scourge","elite"],["7ga","Champion Axe","elite"],["7gd","Colossus Blade","elite"],["7gi","Glorious Axe","elite"],["7gm","Thunder Maul","elite"],["7gs","Balrog Blade","elite"],["7h7","Great Poleaxe","elite"],["7la","Feral Axe","elite"],["7ls","Cryptic Sword","elite"],["7m7","Ogre Maul","elite"],["7mp","War Spike","elite"],["7o7","Ogre Axe","elite"],["7p7","War Pike","elite"],["7pa","Cryptic Axe","elite"],["7s8","Thresher","elite"],["7sr","Hyperion Spear","elite"],["7st","Ghost Spear","elite"],["7tr","Stygian Pike","elite"],["7vo","Colossus Voulge","elite"],["7wa","Berserker Axe","elite"],["7wc","Giant Thresher","elite"],["7wh","Legendary Mallet","elite"],["7ws","Caduceus","elite"],["8cb","Double Bow","exceptional"],["8hb","Razor Bow","exceptional"],["8hx","Ballista","exceptional"],["8l8","Large Siege Bow","exceptional"],["8lb","Cedar Bow","exceptional"],["8lw","Gothic Bow","exceptional"],["8lx","Arbalest","exceptional"],["8mx","Siege Crossbow","exceptional"],["8rx","Chu-Ko-Nu","exceptional"],["8s8","Short Siege Bow","exceptional"],["8sb","Edge Bow","exceptional"],["8sw","Rune Bow","exceptional"],["92a","Twin Axe","exceptional"],["9ax","Cleaver","exceptional"],["9b7","Lochaber Axe","exceptional"],["9b9","Gothic Sword","exceptional"],["9ba","Bearded Axe","exceptional"],["9br","War Fork","exceptional"],["9bs","Battle Sword","exceptional"],["9bt","Tabar","exceptional"],["9cm","Dacian Falx","exceptional"],["9cr","Dimensional Blade","exceptional"],["9fb","Zweihander","exceptional"],["9fl","Knout","exceptional"],["9ga","Gothic Axe","exceptional"],["9gd","Executioner Sword","exceptional"],["9gi","Ancient Axe","exceptional"],["9gm","Martel de Fer","exceptional"],["9gs","Tusk Sword","exceptional"],["9h9","Bec-de-Corbin","exceptional"],["9la","Military Axe","exceptional"],["9ls","Rune Sword","exceptional"],["9m9","War Club","exceptional"],["9mp","Crowbill","exceptional"],["9p9","Lance","exceptional"],["9pa","Partizan","exceptional"],["9s8","Battle Scythe","exceptional"],["9sr","War Spear","exceptional"],["9st","Yari","exceptional"],["9tr","Fuscina","exceptional"],["9vo","Bill","exceptional"],["9wa","Naga","exceptional"],["9wc","Grim Scythe","exceptional"],["9wh","Battle Hammer","exceptional"],["9ws","Divine Scepter","exceptional"],["am1","Stag Bow","normal"],["am2","Reflex Bow","normal"],["am3","Maiden Spear","normal"],["am4","Maiden Pike","normal"],["am6","Ashwood Bow","exceptional"],["am7","Ceremonial Bow","exceptional"],["am8","Ceremonial Spear","exceptional"],["am9","Ceremonial Pike","exceptional"],["amb","Matriarchal Bow","elite"],["amc","Grand Matron Bow","elite"],["amd","Matriarchal Spear","elite"],["ame","Matriarchal Pike","elite"],["axe","Axe","normal"],["bax","Broad Axe","normal"],["brn","Brandistock","normal"],["bsd","Broad Sword","normal"],["bsw","Bastard Sword","normal"],["btx","Battle Axe","normal"],["cbw","Composite Bow","normal"],["clm","Claymore","normal"],["crs","Crystal Sword","normal"],["fla","Flail","normal"],["flb","Flamberge","normal"],["gax","Great Axe","normal"],["gis","Giant Sword","normal"],["gix","Giant Axe","normal"],["gma","Great Maul","normal"],["gsd","Great Sword","normal"],["hal","Halberd","normal"],["hbw","Hunter's Bow","normal"],["hfh","Hell Forge Hammer","normal"],["hxb","Heavy Crossbow","normal"],["lax","Large Axe","normal"],["lbb","Long Battle Bow","normal"],["lbw","Long Bow","normal"],["lsd","Long Sword","normal"],["lwb","Long War Bow","normal"],["mau","Maul","normal"],["mpi","Military Pick","normal"],["mxb","Crossbow","normal"],["ob1","Eagle Orb","normal"],["ob2","Sacred Globe","normal"],["ob3","Smoked Sphere","normal"],["ob4","Clasped Orb","normal"],["ob5","Jared's Stone","normal"],["ob6","Glowing Orb","exceptional"],["ob7","Crystalline Globe","exceptional"],["ob8","Cloudy Sphere","exceptional"],["ob9","Sparkling Ball","exceptional"],["oba","Swirling Crystal","exceptional"],["obb","Heavenly Stone","elite"],["obc","Eldritch Orb","elite"],["obd","Demon Heart","elite"],["obe","Vortex Orb","elite"],["obf","Dimensional Shard","elite"],["pax","Poleaxe","normal"],["pik","Pike","normal"],["rxb","Repeating Crossbow","normal"],["sbb","Short Battle Bow","normal"],["scy","Scythe","normal"],["spt","Spetum","normal"],["swb","Short War Bow","normal"],["tri","Trident","normal"],["vou","Voulge","normal"],["wax","War Axe","normal"],["whm","War Hammer","normal"],["wsc","War Scythe","normal"],["wsp","War Scepter","normal"]]
RW	Crescent Moon	Runeword17	weapon	3	Shael Um Tir	WEAPON	Polearm, Spear	["EDAM","STAT119","TABSK2"]	[[["STAT334",10,15]],[["STAT115",1,1]],[["EDAM",180,220]],[["STAT147",3,5]],[["MULTI204,14546",1,1]],[["MULTI198,2701",1,1]],[["MULTI198,3163",1,1]]]	["-[10-15]% to Enemy Lightning Resistance","Ignore Target's Defense","+[180-220]% Enhanced Damage","+[3-5] Magic Absorb","Level 18 Summon Spirit Wolf (30/30 Charges)","24% Chance to cast level 13 Static Field on striking","10% Chance to cast level 27 Lightning on striking"]	[[["IAS",20,20]],[["STAT135",10,10]],[["STAT501",120,120]],[["STAT138",2,2]]]	["Shael: +20% Increased Attack Speed","Um: +10% Chance of Open Wounds","Um: +120 Open Wounds Damage Per Second","Tir: +2 to Mana after each Kill"]	{}	[["7br","Mancatcher","elite"],["7gl","Ghost Glaive","elite"],["7h7","Great Poleaxe","elite"],["7o7","Ogre Axe","elite"],["7p7","War Pike","elite"],["7pa","Cryptic Axe","elite"],["7s8","Thresher","elite"],["7sr","Hyperion Spear","elite"],["7st","Ghost Spear","elite"],["7tr","Stygian Pike","elite"],["7ts","Winged Harpoon","elite"],["7vo","Colossus Voulge","elite"],["7wc","Giant Thresher","elite"],["9b7","Lochaber Axe","exceptional"],["9br","War Fork","exceptional"],["9gl","Spiculum","exceptional"],["9h9","Bec-de-Corbin","exceptional"],["9p9","Lance","exceptional"],["9pa","Partizan","exceptional"],["9s8","Battle Scythe","exceptional"],["9sr","War Spear","exceptional"],["9st","Yari","exceptional"],["9tr","Fuscina","exceptional"],["9ts","Harpoon","exceptional"],["9vo","Bill","exceptional"],["9wc","Grim Scythe","exceptional"],["am3","Maiden Spear","normal"],["am4","Maiden Pike","normal"],["am8","Ceremonial Spear","exceptional"],["am9","Ceremonial Pike","exceptional"],["amd","Matriarchal Spear","elite"],["ame","Matriarchal Pike","elite"],["bar","Bardiche","normal"],["brn","Brandistock","normal"],["glv","Glaive","normal"],["hal","Halberd","normal"],["pax","Poleaxe","normal"],["pik","Pike","normal"],["scy","Scythe","normal"],["spr","Spear","normal"],["spt","Spetum","normal"],["tri","Trident","normal"],["tsp","Throwing Spear","normal"],["vou","Voulge","normal"],["wsc","War Scythe","normal"]]
RW	Ferocity	Ferocity	armor	3	Zod Cham Shael	CIRC,HELM	Helm	["EDEF","SK*"]	[[["MULTI198,8778",1,1]],[["STAT60",10,12]],[["OS106",18,18]],[["EDEF",150,200]],[["STAT35",6,12]],[["STAT78",200,250]]]	["12% Chance to cast level 10 Taunt on striking","[10-12]% Life stolen per hit","+18 to Zeal","+[150-200]% Enhanced Defense","Magic Damage Taken Reduced by [6-12]","Attacker Takes Damage of [200-250]"]	[[["STAT152",1,1]],[["STAT153",1,1]],[["FHR",20,20]]]	["Zod: Indestructible","Cham: Cannot Be Frozen","Shael: +20% Faster Hit Recovery"]	{}	[["ba1","Jawbone Cap","normal"],["ba2","Fanged Helm","normal"],["ba3","Horned Helm","normal"],["ba4","Assault Helmet","normal"],["ba5","Avenger Guard","normal"],["ba6","Jawbone Visor","exceptional"],["ba7","Lion Helm","exceptional"],["ba8","Rage Mask","exceptional"],["ba9","Savage Helmet","exceptional"],["baa","Slayer Guard","exceptional"],["bab","Carnage Helm","elite"],["bac","Fury Visor","elite"],["bad","Destroyer Helm","elite"],["bae","Conqueror Crown","elite"],["baf","Guardian Crown","elite"],["ci2","Tiara","exceptional"],["ci3","Diadem","elite"],["crn","Crown","normal"],["dr1","Wolf Head","normal"],["dr2","Hawk Helm","normal"],["dr3","Antlers","normal"],["dr4","Falcon Mask","normal"],["dr5","Spirit Mask","normal"],["dr6","Alpha Helm","exceptional"],["dr7","Griffon Headdress","exceptional"],["dr8","Hunter's Guise","exceptional"],["dr9","Sacred Feathers","exceptional"],["dra","Totemic Mask","exceptional"],["drb","Blood Spirit","elite"],["drc","Sun Spirit","elite"],["drd","Earth Spirit","elite"],["dre","Sky Spirit","elite"],["drf","Dream Spirit","elite"],["ghm","Great Helm","normal"],["msk","Mask","normal"],["uh9","Bone Visage","elite"],["uhm","Spired Helm","elite"],["urn","Corona","elite"],["usk","Demonhead","elite"],["xhm","Winged Helm","exceptional"],["xrn","Grand Crown","exceptional"],["xsk","Death Mask","exceptional"]]
RW	Dominion	Runeword171	weapon	2	Cham Ohm	WEAPON	Wand	["EDAM","SK*","STAT119"]	[[["SK79",2,3]],[["FCR",25,25]],[["STAT34",5,7]],[["CRES",30,30]],[["CLSK2",2,2]],[["DEF",300,450]],[["STAT476",1,1]]]	["+[2-3] to Golem Mastery (Necromancer Only)","+25% Faster Cast Rate","Physical Damage Taken Reduced by [5-7]","Cold Resist +30%","+2 to Necromancer Skill Levels","+[300-450] Defense","+1 to Maximum Golems"]	[[["STAT134",3,3]],[["EDAM",45,45]]]	["Cham: Freezes target +3","Ohm: +45% Enhanced Damage"]	{}	[["7bw","Lich Wand","elite"],["7gw","Unearthed Wand","elite"],["7wn","Polished Wand","elite"],["7yw","Ghost Wand","elite"],["9bw","Tomb Wand","exceptional"],["9gw","Grave Wand","exceptional"],["9yw","Petrified Wand","exceptional"],["bwn","Bone Wand","normal"],["gwn","Grim Wand","normal"]]
RW	Zenith	Zenith	weapon	5	Jah Zod Ort Thul Ral	WEAPON	Missile Weapon, Spear, Polearm, Staff, 2H Sword	["EDAM","FCR","SK*","STAT119","TABSK0","TABSK2"]	[[["EDAM",225,300]],[["MULTI151,125",10,12]],[["IAS",40,40]],[["FRW",20,20]],[["ALLSK",3,3]],[["STAT48",430,430],["STAT49",500,500],["STAT50",430,430],["STAT51",500,500],["STAT54",430,430],["STAT55",500,500]]]	["+[225-300]% Enhanced Damage","Level [10-12] Salvation Aura When Equipped","+40% Increased Attack Speed","+20% Faster Run/Walk","+3 to All Skills","Adds 430-500 Fire, Lightning and Cold Damage"]	[[["STAT115",1,1]],[["STAT152",1,1]],[["STAT51",50,50],["STAT50",1,1]],[["STAT55",14,14],["STAT54",3,3]],[["STAT49",30,30],["STAT48",5,5]]]	["Jah: Ignore Target's Defense","Zod: Indestructible","Ort: Adds 1-50 Lightning Damage","Thul: Adds 3-14 Cold Damage","Ral: Adds 5-30 Fire Damage"]	{}	[["6hx","Colossus Crossbow","elite"],["6l7","Crusader Bow","elite"],["6lb","Shadow Bow","elite"],["6lw","Hydra Bow","elite"],["6rx","Demon Crossbow","elite"],["6s7","Diamond Bow","elite"],["6sw","Ward Bow","elite"],["6ws","Archon Staff","elite"],["7br","Mancatcher","elite"],["7cr2","Phase Blade","elite"],["7fb","Colossus Sword","elite"],["7gd","Colossus Blade","elite"],["7h7","Great Poleaxe","elite"],["7p7","War Pike","elite"],["7pa","Cryptic Axe","elite"],["7s8","Thresher","elite"],["7sr","Hyperion Spear","elite"],["7st","Ghost Spear","elite"],["7wc","Giant Thresher","elite"],["8hx","Ballista","exceptional"],["8l8","Large Siege Bow","exceptional"],["8lb","Cedar Bow","exceptional"],["8lw","Gothic Bow","exceptional"],["8rx","Chu-Ko-Nu","exceptional"],["8s8","Short Siege Bow","exceptional"],["8sw","Rune Bow","exceptional"],["8ws","Rune Staff","exceptional"],["9br","War Fork","exceptional"],["9fb","Zweihander","exceptional"],["9gd","Executioner Sword","exceptional"],["9h9","Bec-de-Corbin","exceptional"],["9p9","Lance","exceptional"],["9pa","Partizan","exceptional"],["9s8","Battle Scythe","exceptional"],["9st","Yari","exceptional"],["9wc","Grim Scythe","exceptional"],["am1","Stag Bow","normal"],["am2","Reflex Bow","normal"],["am3","Maiden Spear","normal"],["am4","Maiden Pike","normal"],["am6","Ashwood Bow","exceptional"],["am7","Ceremonial Bow","exceptional"],["am8","Ceremonial Spear","exceptional"],["am9","Ceremonial Pike","exceptional"],["amb","Matriarchal Bow","elite"],["amc","Grand Matron Bow","elite"],["amd","Matriarchal Spear","elite"],["ame","Matriarchal Pike","elite"],["brn","Brandistock","normal"],["flb","Flamberge","normal"],["gsd","Great Sword","normal"],["hal","Halberd","normal"],["hxb","Heavy Crossbow","normal"],["lbb","Long Battle Bow","normal"],["lbw","Long Bow","normal"],["lwb","Long War Bow","normal"],["pax","Poleaxe","normal"],["pik","Pike","normal"],["rxb","Repeating Crossbow","normal"],["sbb","Short Battle Bow","normal"],["scy","Scythe","normal"],["spt","Spetum","normal"],["swb","Short War Bow","normal"],["wsc","War Scythe","normal"],["wst","War Staff","normal"]]
RW	Rampage	Rampage	weapon	4	Shael El Ith Eth	WEAPON	Staff, Spear, Polearm	["EDAM","FCR","SK*","STAT119","TABSK2"]	[[["EDAM",120,145]],[["IAS",45,45]],[["FRES",25,25]],[["FHR",20,20]]]	["+[120-145]% Enhanced Damage","+45% Increased Attack Speed","Fire Resist +25%","+20% Faster Hit Recovery"]	[[["IAS",20,20]],[["STAT89",1,1]],[["AR",50,50]],[["MAXDMG",9,9]],[["STAT116",25,25]]]	["Shael: +20% Increased Attack Speed","El: +1 to Light Radius","El: +50 to Attack Rating","Ith: +9 to Maximum Damage","Eth: -25% Target Defense"]	{}	[["6bs","Shillelagh","elite"],["6cs","Elder Staff","elite"],["6ls","Stalagmite","elite"],["6ws","Archon Staff","elite"],["7br","Mancatcher","elite"],["7h7","Great Poleaxe","elite"],["7o7","Ogre Axe","elite"],["7p7","War Pike","elite"],["7pa","Cryptic Axe","elite"],["7s8","Thresher","elite"],["7sr","Hyperion Spear","elite"],["7st","Ghost Spear","elite"],["7tr","Stygian Pike","elite"],["7vo","Colossus Voulge","elite"],["7wc","Giant Thresher","elite"],["8bs","Gothic Staff","exceptional"],["8cs","Cedar Staff","exceptional"],["8ws","Rune Staff","exceptional"],["9b7","Lochaber Axe","exceptional"],["9br","War Fork","exceptional"],["9h9","Bec-de-Corbin","exceptional"],["9p9","Lance","exceptional"],["9pa","Partizan","exceptional"],["9s8","Battle Scythe","exceptional"],["9sr","War Spear","exceptional"],["9st","Yari","exceptional"],["9tr","Fuscina","exceptional"],["9vo","Bill","exceptional"],["9wc","Grim Scythe","exceptional"],["am3","Maiden Spear","normal"],["am4","Maiden Pike","normal"],["am8","Ceremonial Spear","exceptional"],["am9","Ceremonial Pike","exceptional"],["amd","Matriarchal Spear","elite"],["ame","Matriarchal Pike","elite"],["brn","Brandistock","normal"],["bst","Battle Staff","normal"],["cst","Gnarled Staff","normal"],["hal","Halberd","normal"],["hst","Horadric Staff","normal"],["pax","Poleaxe","normal"],["pik","Pike","normal"],["scy","Scythe","normal"],["spt","Spetum","normal"],["tri","Trident","normal"],["vou","Voulge","normal"],["wsc","War Scythe","normal"],["wst","War Staff","normal"]]
RW	Neophyte	Neophyte	weapon	2	Thul Tir	WEAPON	Scepter, Club, Sorceress Item, Hand to Hand, Hand to Hand 2	["EDAM","LIFE","MANA","SK*","STAT119"]	[[["STAT118",1,1]],[["STAT34",2,4]],[["FCR",30,30]],[["STAT110",25,25]]]	["Half Freeze Duration","Physical Damage Taken Reduced by [2-4]","+30% Faster Cast Rate","Poison Length Reduced by 25%"]	[[["STAT55",14,14],["STAT54",3,3]],[["STAT138",2,2]]]	["Thul: Adds 3-14 Cold Damage","Tir: +2 to Mana after each Kill"]	{}	[["7ar","Suwayyah","elite"],["7cl","Truncheon","elite"],["7cs","Battle Cestus","elite"],["7lw","Feral Claws","elite"],["7qr","Scissors Suwayyah","elite"],["7qs","Seraph Rod","elite"],["7sc","Mighty Scepter","elite"],["7sp","Tyrant Club","elite"],["7tw","Runic Talons","elite"],["7wb","Wrist Sword","elite"],["7ws","Caduceus","elite"],["7xf","War Fist","elite"],["9ar","Quhab","exceptional"],["9cl","Cudgel","exceptional"],["9cs","Hand Scythe","exceptional"],["9lw","Greater Claws","exceptional"],["9qr","Scissors Quhab","exceptional"],["9qs","Holy Water Sprinkler","exceptional"],["9sc","Rune Scepter","exceptional"],["9sp","Barbed Club","exceptional"],["9tw","Greater Talons","exceptional"],["9wb","Wrist Spike","exceptional"],["9ws","Divine Scepter","exceptional"],["9xf","Fascia","exceptional"],["axf","Hatchet Hands","normal"],["btl","Blade Talons","normal"],["ces","Cestus","normal"],["clb","Club","normal"],["clw","Claws","normal"],["gsc","Grand Scepter","normal"],["ktr","Katar","normal"],["leg","Wirt's Leg","normal"],["ob1","Eagle Orb","normal"],["ob2","Sacred Globe","normal"],["ob3","Smoked Sphere","normal"],["ob4","Clasped Orb","normal"],["ob5","Jared's Stone","normal"],["ob6","Glowing Orb","exceptional"],["ob7","Crystalline Globe","exceptional"],["ob8","Cloudy Sphere","exceptional"],["ob9","Sparkling Ball","exceptional"],["oba","Swirling Crystal","exceptional"],["obb","Heavenly Stone","elite"],["obc","Eldritch Orb","elite"],["obd","Demon Heart","elite"],["obe","Vortex Orb","elite"],["obf","Dimensional Shard","elite"],["scp","Scepter","normal"],["skr","Scissors Katar","normal"],["spc","Spiked Club","normal"],["wrb","Wrist Blade","normal"],["wsp","War Scepter","normal"]]
RW	Neophyte	Neophyte2	weapon	2	Thul Tir	WEAPON	Staff	["EDAM","FCR","SK*","STAT119"]	[[["STAT118",1,1]],[["STAT34",4,6]],[["FCR",40,40]],[["STAT110",25,25]]]	["Half Freeze Duration","Physical Damage Taken Reduced by [4-6]","+40% Faster Cast Rate","Poison Length Reduced by 25%"]	[[["STAT55",14,14],["STAT54",3,3]],[["STAT138",2,2]]]	["Thul: Adds 3-14 Cold Damage","Tir: +2 to Mana after each Kill"]	{}	[["6bs","Shillelagh","elite"],["6cs","Elder Staff","elite"],["6ls","Stalagmite","elite"],["6ss","Walking Stick","elite"],["6ws","Archon Staff","elite"],["8bs","Gothic Staff","exceptional"],["8cs","Cedar Staff","exceptional"],["8ls","Quarterstaff","exceptional"],["8ss","Jo Staff","exceptional"],["8ws","Rune Staff","exceptional"],["bst","Battle Staff","normal"],["cst","Gnarled Staff","normal"],["hst","Horadric Staff","normal"],["lst","Long Staff","normal"],["msf","Shaft of the Horadric Staff","normal"],["sst","Short Staff","normal"],["wst","War Staff","normal"]]
RW	Wind	Wind Staff	weapon	2	Sur El	WEAPON	Staff	["EDAM","FCR","SK*","STAT119"]	[[["EDAM",320,380]],[["IAS",40,40]],[["FRW",20,30]],[["STAT116",50,50]],[["MULTI200,15715",1,1]],[["MULTI200,15395",1,1]],[["MULTI200,15049",1,1]]]	["+[320-380]% Enhanced Damage","+40% Increased Attack Speed","+[20-30]% Faster Run/Walk","-50% Target Defense","18% Chance to cast level 35 Tornado on casting","18% Chance to cast level 35 Twister on casting","5% Chance to cast level 9 Cyclone Armor on casting"]	[[["STAT86",4,4]],[["STAT89",1,1]],[["AR",50,50]]]	["Sur: +4 Life after each Kill","El: +1 to Light Radius","El: +50 to Attack Rating"]	{}	[["6bs","Shillelagh","elite"],["6cs","Elder Staff","elite"],["6ls","Stalagmite","elite"],["6ss","Walking Stick","elite"],["6ws","Archon Staff","elite"],["8bs","Gothic Staff","exceptional"],["8cs","Cedar Staff","exceptional"],["8ls","Quarterstaff","exceptional"],["8ss","Jo Staff","exceptional"],["8ws","Rune Staff","exceptional"],["bst","Battle Staff","normal"],["cst","Gnarled Staff","normal"],["hst","Horadric Staff","normal"],["lst","Long Staff","normal"],["msf","Shaft of the Horadric Staff","normal"],["sst","Short Staff","normal"],["wst","War Staff","normal"]]
RW	Phoenix	Phoenix Staff	weapon	4	Vex Vex Lo Jah	WEAPON	Staff	["EDAM","FCR","SK*","STAT119"]	[[["EDAM",400,450]],[["STAT32",350,400]],[["MULTI200,14440",1,1]],[["MULTI199,2984",1,1]],[["STAT333",28,28]],[["MULTI151,124",10,12]],[["STAT143",15,21]]]	["+[400-450]% Enhanced Damage","+[350-400] Defense vs. Missile","33% Chance to cast level 40 Firestorm on casting","100% Chance to cast level 40 Blaze when you Level-Up","-28% to Enemy Fire Resistance","Level [10-12] Redemption Aura When Equipped","+[15-21] Fire Absorb"]	[[["STAT62",7,7]],[["STAT62",7,7]],[["STAT141",20,20]],[["STAT115",1,1]]]	["Vex: 7% Mana stolen per hit","Vex: 7% Mana stolen per hit","Lo: +20% Chance of Deadly Strike","Jah: Ignore Target's Defense"]	{}	[["6bs","Shillelagh","elite"],["6cs","Elder Staff","elite"],["6ls","Stalagmite","elite"],["6ws","Archon Staff","elite"],["8bs","Gothic Staff","exceptional"],["8cs","Cedar Staff","exceptional"],["8ws","Rune Staff","exceptional"],["bst","Battle Staff","normal"],["cst","Gnarled Staff","normal"],["hst","Horadric Staff","normal"],["wst","War Staff","normal"]]
RW	Shattered Wall	Shattered Wall	shield	4	Zod Jah Ral Cham	SHIELD	Paladin Item	["AR","CRES","EDAM","EDEF","FRES","LRES","PRES","RES"]	[[["EDEF",160,200]],[["MULTI151,114",16,16]],[["FBR",60,60]],[["STAT138",5,5]],[["STAT55",250,250],["STAT54",200,200]],[["LIFE",50,100]]]	["+[160-200]% Enhanced Defense","Level 16 Holy Freeze Aura When Equipped","+60% Faster Block Rate","+5 to Mana after each Kill","Adds 200-250 Cold Damage","+[50-100] to Life"]	[[["STAT152",1,1]],[["LIFE",75,75]],[["FRES",35,35]],[["STAT153",1,1]]]	["Zod: Indestructible","Jah: +75 to Life","Ral: Fire Resist +35%","Cham: Cannot Be Frozen"]	{}	[["pa1","Targe","normal"],["pa2","Rondache","normal"],["pa3","Heraldic Shield","normal"],["pa4","Aerin Shield","normal"],["pa5","Crown Shield","normal"],["pa6","Akaran Targe","exceptional"],["pa7","Akaran Rondache","exceptional"],["pa8","Protector Shield","exceptional"],["pa9","Gilded Shield","exceptional"],["paa","Royal Shield","exceptional"],["pab","Sacred Targe","elite"],["pac","Sacred Rondache","elite"],["pad","Kurast Shield","elite"],["pae","Zakarum Shield","elite"],["paf","Vortex Shield","elite"]]
RW	Shattered Wall	Shattered Wall	weapon	4	Zod Jah Ral Cham	WEAPON	Paladin Item	["EDAM","STAT119"]	[[["EDEF",160,200]],[["MULTI151,114",16,16]],[["FBR",60,60]],[["STAT138",5,5]],[["STAT55",250,250],["STAT54",200,200]],[["LIFE",50,100]]]	["+[160-200]% Enhanced Defense","Level 16 Holy Freeze Aura When Equipped","+60% Faster Block Rate","+5 to Mana after each Kill","Adds 200-250 Cold Damage","+[50-100] to Life"]	[[["STAT152",1,1]],[["STAT115",1,1]],[["STAT49",30,30],["STAT48",5,5]],[["STAT134",3,3]]]	["Zod: Indestructible","Jah: Ignore Target's Defense","Ral: Adds 5-30 Fire Damage","Cham: Freezes target +3"]	{}	[["7cr2","Phase Blade","elite"]]
RW	Asylum	Asylum	weapon	6	Gul Cham Hel Jah Dol Um	WEAPON	Hammer, Polearm, Spear, Missile Weapon, 2H Sword	["EDAM","STAT119","TABSK2"]	[[["EDAM",265,315]],[["DEX",20,20]],[["ALLSK",4,4]],[["STAT135",20,20]],[["MULTI151,119",17,20]],[["GFIND",100,100]],[["MULTI198,7784",1,1]]]	["+[265-315]% Enhanced Damage","+20 to Dexterity","+4 to All Skills","+20% Chance of Open Wounds","Level [17-20] Sanctuary Aura When Equipped","100% Extra Gold from Monsters","28% Chance to cast level 40 Fist of the Heavens on striking"]	[[["STAT119",50,50]],[["STAT134",3,3]],[["STAT91",-20,-20]],[["STAT115",1,1]],[["EDAM",20,20]],[["STAT135",10,10]],[["STAT501",120,120]]]	["Gul: 50% Bonus to Attack Rating","Cham: Freezes target +3","Hel: Requirements -20%","Jah: Ignore Target's Defense","Dol: +20% Enhanced Damage","Um: +10% Chance of Open Wounds","Um: +120 Open Wounds Damage Per Second"]	{}	[["6hx","Colossus Crossbow","elite"],["6l7","Crusader Bow","elite"],["6lb","Shadow Bow","elite"],["6lw","Hydra Bow","elite"],["7cr2","Phase Blade","elite"],["7gd","Colossus Blade","elite"],["7gm","Thunder Maul","elite"],["7h7","Great Poleaxe","elite"],["7m7","Ogre Maul","elite"],["7p7","War Pike","elite"],["7sr","Hyperion Spear","elite"],["7st","Ghost Spear","elite"],["7wc","Giant Thresher","elite"],["8hx","Ballista","exceptional"],["8l8","Large Siege Bow","exceptional"],["8lw","Gothic Bow","exceptional"],["9gd","Executioner Sword","exceptional"],["9gm","Martel de Fer","exceptional"],["9h9","Bec-de-Corbin","exceptional"],["9m9","War Club","exceptional"],["9p9","Lance","exceptional"],["9st","Yari","exceptional"],["9wc","Grim Scythe","exceptional"],["am3","Maiden Spear","normal"],["am4","Maiden Pike","normal"],["am8","Ceremonial Spear","exceptional"],["am9","Ceremonial Pike","exceptional"],["amd","Matriarchal Spear","elite"],["ame","Matriarchal Pike","elite"],["gma","Great Maul","normal"],["gsd","Great Sword","normal"],["hal","Halberd","normal"],["hxb","Heavy Crossbow","normal"],["lbb","Long Battle Bow","normal"],["lwb","Long War Bow","normal"],["mau","Maul","normal"],["pik","Pike","normal"],["spt","Spetum","normal"],["wsc","War Scythe","normal"]]
RW	Asylum	Asylum Staff	weapon	6	Gul Cham Hel Jah Dol Um	WEAPON	Staff	["EDAM","FCR","SK*","STAT119"]	[[["EDAM",265,315]],[["DEX",20,20]],[["ALLSK",4,4]],[["STAT135",20,20]],[["MULTI151,119",17,20]],[["GFIND",100,100]],[["MULTI200,7784",1,1]]]	["+[265-315]% Enhanced Damage","+20 to Dexterity","+4 to All Skills","+20% Chance of Open Wounds","Level [17-20] Sanctuary Aura When Equipped","100% Extra Gold from Monsters","28% Chance to cast level 40 Fist of the Heavens on casting"]	[[["STAT119",50,50]],[["STAT134",3,3]],[["STAT91",-20,-20]],[["STAT115",1,1]],[["EDAM",20,20]],[["STAT135",10,10]],[["STAT501",120,120]]]	["Gul: 50% Bonus to Attack Rating","Cham: Freezes target +3","Hel: Requirements -20%","Jah: Ignore Target's Defense","Dol: +20% Enhanced Damage","Um: +10% Chance of Open Wounds","Um: +120 Open Wounds Damage Per Second"]	{}	[["6ws","Archon Staff","elite"],["8ws","Rune Staff","exceptional"],["wst","War Staff","normal"]]
RW	Fortitude	Runeword41	weapon	4	El Sol Dol Lo	WEAPON	Weapon	["EDAM","FCR","LIFE","MANA","SK*","STAT119","TABSK0","TABSK2"]	[[["EDEF",200,200]],[["EDAM",300,350]],[["FCR",25,25]],[["DTM",12,12]],[["STAT216",2048,3072]],[["RES",25,30],["FRES",25,30],["LRES",25,30],["CRES",25,30],["PRES",25,30]]]	["+200% Enhanced Defense","+[300-350]% Enhanced Damage","+25% Faster Cast Rate","12% Damage Taken Gained as Mana when Hit","+[1-1.5] to Life (Based on Character Level)","All Resistances +[25-30]"]	[[["STAT89",1,1]],[["AR",50,50]],[["MINDMG",9,9]],[["EDAM",20,20]],[["STAT141",20,20]]]	["El: +1 to Light Radius","El: +50 to Attack Rating","Sol: +9 to Minimum Damage","Dol: +20% Enhanced Damage","Lo: +20% Chance of Deadly Strike"]	{"STAT216":["LIFE",2048]}	[["2ax","Double Axe","normal"],["6bs","Shillelagh","elite"],["6cb","Great Bow","elite"],["6cs","Elder Staff","elite"],["6hb","Blade Bow","elite"],["6hx","Colossus Crossbow","elite"],["6l7","Crusader Bow","elite"],["6lb","Shadow Bow","elite"],["6ls","Stalagmite","elite"],["6lw","Hydra Bow","elite"],["6lx","Pellet Bow","elite"],["6mx","Gorgon Crossbow","elite"],["6rx","Demon Crossbow","elite"],["6s7","Diamond Bow","elite"],["6sb","Spider Bow","elite"],["6sw","Ward Bow","elite"],["6ws","Archon Staff","elite"],["72a","Ettin Axe","elite"],["7ax","Small Crescent","elite"],["7b7","Champion Sword","elite"],["7ba","Silver-edged Axe","elite"],["7br","Mancatcher","elite"],["7bs","Conquest Sword","elite"],["7bt","Decapitator","elite"],["7cm","Highland Blade","elite"],["7cr","Phase Blade","elite"],["7cr2","Phase Blade","elite"],["7fb","Colossus Sword","elite"],["7fl","Scourge","elite"],["7ga","Champion Axe","elite"],["7gd","Colossus Blade","elite"],["7gi","Glorious Axe","elite"],["7gm","Thunder Maul","elite"],["7gs","Balrog Blade","elite"],["7h7","Great Poleaxe","elite"],["7la","Feral Axe","elite"],["7ls","Cryptic Sword","elite"],["7m7","Ogre Maul","elite"],["7mp","War Spike","elite"],["7o7","Ogre Axe","elite"],["7p7","War Pike","elite"],["7pa","Cryptic Axe","elite"],["7s8","Thresher","elite"],["7sr","Hyperion Spear","elite"],["7st","Ghost Spear","elite"],["7tr","Stygian Pike","elite"],["7vo","Colossus Voulge","elite"],["7wa","Berserker Axe","elite"],["7wc","Giant Thresher","elite"],["7wh","Legendary Mallet","elite"],["7ws","Caduceus","elite"],["8bs","Gothic Staff","exceptional"],["8cb","Double Bow","exceptional"],["8cs","Cedar Staff","exceptional"],["8hb","Razor Bow","exceptional"],["8hx","Ballista","exceptional"],["8l8","Large Siege Bow","exceptional"],["8lb","Cedar Bow","exceptional"],["8lw","Gothic Bow","exceptional"],["8lx","Arbalest","exceptional"],["8mx","Siege Crossbow","exceptional"],["8rx","Chu-Ko-Nu","exceptional"],["8s8","Short Siege Bow","exceptional"],["8sb","Edge Bow","exceptional"],["8sw","Rune Bow","exceptional"],["8ws","Rune Staff","exceptional"],["92a","Twin Axe","exceptional"],["9ax","Cleaver","exceptional"],["9b7","Lochaber Axe","exceptional"],["9b9","Gothic Sword","exceptional"],["9ba","Bearded Axe","exceptional"],["9br","War Fork","exceptional"],["9bs","Battle Sword","exceptional"],["9bt","Tabar","exceptional"],["9cm","Dacian Falx","exceptional"],["9cr","Dimensional Blade","exceptional"],["9fb","Zweihander","exceptional"],["9fl","Knout","exceptional"],["9ga","Gothic Axe","exceptional"],["9gd","Executioner Sword","exceptional"],["9gi","Ancient Axe","exceptional"],["9gm","Martel de Fer","exceptional"],["9gs","Tusk Sword","exceptional"],["9h9","Bec-de-Corbin","exceptional"],["9la","Military Axe","exceptional"],["9ls","Rune Sword","exceptional"],["9m9","War Club","exceptional"],["9mp","Crowbill","exceptional"],["9p9","Lance","exceptional"],["9pa","Partizan","exceptional"],["9s8","Battle Scythe","exceptional"],["9sr","War Spear","exceptional"],["9st","Yari","exceptional"],["9tr","Fuscina","exceptional"],["9vo","Bill","exceptional"],["9wa","Naga","exceptional"],["9wc","Grim Scythe","exceptional"],["9wh","Battle Hammer","exceptional"],["9ws","Divine Scepter","exceptional"],["am1","Stag Bow","normal"],["am2","Reflex Bow","normal"],["am3","Maiden Spear","normal"],["am4","Maiden Pike","normal"],["am6","Ashwood Bow","exceptional"],["am7","Ceremonial Bow","exceptional"],["am8","Ceremonial Spear","exceptional"],["am9","Ceremonial Pike","exceptional"],["amb","Matriarchal Bow","elite"],["amc","Grand Matron Bow","elite"],["amd","Matriarchal Spear","elite"],["ame","Matriarchal Pike","elite"],["axe","Axe","normal"],["bax","Broad Axe","normal"],["brn","Brandistock","normal"],["bsd","Broad Sword","normal"],["bst","Battle Staff","normal"],["bsw","Bastard Sword","normal"],["btx","Battle Axe","normal"],["cbw","Composite Bow","normal"],["clm","Claymore","normal"],["crs","Crystal Sword","normal"],["cst","Gnarled Staff","normal"],["fla","Flail","normal"],["flb","Flamberge","normal"],["gax","Great Axe","normal"],["gis","Giant Sword","normal"],["gix","Giant Axe","normal"],["gma","Great Maul","normal"],["gsd","Great Sword","normal"],["hal","Halberd","normal"],["hbw","Hunter's Bow","normal"],["hfh","Hell Forge Hammer","normal"],["hst","Horadric Staff","normal"],["hxb","Heavy Crossbow","normal"],["lax","Large Axe","normal"],["lbb","Long Battle Bow","normal"],["lbw","Long Bow","normal"],["lsd","Long Sword","normal"],["lwb","Long War Bow","normal"],["mau","Maul","normal"],["mpi","Military Pick","normal"],["mxb","Crossbow","normal"],["ob1","Eagle Orb","normal"],["ob2","Sacred Globe","normal"],["ob3","Smoked Sphere","normal"],["ob4","Clasped Orb","normal"],["ob5","Jared's Stone","normal"],["ob6","Glowing Orb","exceptional"],["ob7","Crystalline Globe","exceptional"],["ob8","Cloudy Sphere","exceptional"],["ob9","Sparkling Ball","exceptional"],["oba","Swirling Crystal","exceptional"],["obb","Heavenly Stone","elite"],["obc","Eldritch Orb","elite"],["obd","Demon Heart","elite"],["obe","Vortex Orb","elite"],["obf","Dimensional Shard","elite"],["pax","Poleaxe","normal"],["pik","Pike","normal"],["rxb","Repeating Crossbow","normal"],["sbb","Short Battle Bow","normal"],["scy","Scythe","normal"],["spt","Spetum","normal"],["swb","Short War Bow","normal"],["tri","Trident","normal"],["vou","Voulge","normal"],["wax","War Axe","normal"],["whm","War Hammer","normal"],["wsc","War Scythe","normal"],["wsp","War Scepter","normal"],["wst","War Staff","normal"]]
RW	Destruction	Runeword25	weapon	5	Vex Lo Ber Jah Ko	WEAPON	Staff	["EDAM","FCR","SK*","STAT119"]	[[["EDAM",300,300]],[["IAS",30,40]],[["MULTI200,14691",1,1]],[["MULTI200,3629",1,1]],[["MULTI200,3112",1,1]],[["MULTI200,2851",1,1]]]	["+300% Enhanced Damage","+[30-40]% Increased Attack Speed","8% Chance to cast level 35 Molten Boulder on casting","15% Chance to cast level 45 Meteor on casting","15% Chance to cast level 40 Nova on casting","20% Chance to cast level 35 Frost Nova on casting"]	[[["STAT62",7,7]],[["STAT141",20,20]],[["STAT136",20,20]],[["STAT115",1,1]],[["DEX",10,10]]]	["Vex: 7% Mana stolen per hit","Lo: +20% Chance of Deadly Strike","Ber: +20% Chance of Crushing Blow","Jah: Ignore Target's Defense","Ko: +10 to Dexterity"]	{}	[["6ws","Archon Staff","elite"],["8ws","Rune Staff","exceptional"],["wst","War Staff","normal"]]
RW	Hustle	Hustle	armor	3	Shael Ko Eld	CHEST	Armor	["EDEF"]	[[],[["IAS",20,20]],[["STAT154",35,35]],[["RES",10,10],["FRES",10,10],["LRES",10,10],["CRES",10,10],["PRES",10,10]],[["STAT118",1,1]]]	["Level %d %s When Equipped 6","+20% Increased Attack Speed","35% Slower Stamina Drain","All Resistances +10","Half Freeze Duration"]	[[["FHR",20,20]],[["DEX",10,10]],[["STAT154",15,15]]]	["Shael: +20% Faster Hit Recovery","Ko: +10 to Dexterity","Eld: 15% Slower Stamina Drain"]	{}	[["aar","Ancient Armor","normal"],["brs","Breast Plate","normal"],["ful","Full Plate Mail","normal"],["gth","Gothic Plate","normal"],["ltp","Light Plate","normal"],["rng","Ring Mail","normal"],["uar","Sacred Armor","elite"],["ucl","Loricated Mail","elite"],["uea","Wyrmhide","elite"],["uhn","Boneweave","elite"],["ula","Scarab Husk","elite"],["uld","Kraken Shell","elite"],["ult","Hellforge Plate","elite"],["ung","Diamond Mail","elite"],["upl","Balrog Skin","elite"],["urs","Great Hauberk","elite"],["uth","Lacquered Plate","elite"],["utp","Archon Plate","elite"],["utu","Wire Fleece","elite"],["uui","Dusk Shroud","elite"],["uul","Shadow Plate","elite"],["xar","Ornate Plate","exceptional"],["xcl","Tigulated Mail","exceptional"],["xhn","Mesh Armor","exceptional"],["xld","Sharktooth Armor","exceptional"],["xlt","Templar Coat","exceptional"],["xng","Linked Mail","exceptional"],["xpl","Russet Armor","exceptional"],["xrs","Cuirass","exceptional"],["xth","Embossed Plate","exceptional"],["xtp","Mage Plate","exceptional"],["xul","Chaos Armor","exceptional"]]
RW	Purity	Purity	weapon	3	Amn Eth Thul	WEAPON	Polearm, Staff, Spear, Missile Weapon	["EDAM","FCR","SK*","STAT119","TABSK0","TABSK2"]	[[["EDAM",110,145]],[["STAT123",200,200]],[["IAS",45,45]],[["MULTI151,99",10,12]],[["STAT109",30,30]],[["STAT121",80,120]]]	["+[110-145]% Enhanced Damage","+200 to Attack Rating against Demons","+45% Increased Attack Speed","Level [10-12] Prayer Aura When Equipped","30% Reduced Curse Duration","+[80-120]% Damage to Demons"]	[[["STAT60",7,7]],[["STAT116",25,25]],[["STAT55",14,14],["STAT54",3,3]]]	["Amn: 7% Life stolen per hit","Eth: -25% Target Defense","Thul: Adds 3-14 Cold Damage"]	{}	[["6bs","Shillelagh","elite"],["6cb","Great Bow","elite"],["6cs","Elder Staff","elite"],["6hb","Blade Bow","elite"],["6hx","Colossus Crossbow","elite"],["6l7","Crusader Bow","elite"],["6lb","Shadow Bow","elite"],["6ls","Stalagmite","elite"],["6lw","Hydra Bow","elite"],["6lx","Pellet Bow","elite"],["6mx","Gorgon Crossbow","elite"],["6rx","Demon Crossbow","elite"],["6s7","Diamond Bow","elite"],["6sb","Spider Bow","elite"],["6ss","Walking Stick","elite"],["6sw","Ward Bow","elite"],["6ws","Archon Staff","elite"],["7br","Mancatcher","elite"],["7gl","Ghost Glaive","elite"],["7h7","Great Poleaxe","elite"],["7o7","Ogre Axe","elite"],["7p7","War Pike","elite"],["7pa","Cryptic Axe","elite"],["7s8","Thresher","elite"],["7sr","Hyperion Spear","elite"],["7st","Ghost Spear","elite"],["7tr","Stygian Pike","elite"],["7ts","Winged Harpoon","elite"],["7vo","Colossus Voulge","elite"],["7wc","Giant Thresher","elite"],["8bs","Gothic Staff","exceptional"],["8cb","Double Bow","exceptional"],["8cs","Cedar Staff","exceptional"],["8hb","Razor Bow","exceptional"],["8hx","Ballista","exceptional"],["8l8","Large Siege Bow","exceptional"],["8lb","Cedar Bow","exceptional"],["8ls","Quarterstaff","exceptional"],["8lw","Gothic Bow","exceptional"],["8lx","Arbalest","exceptional"],["8mx","Siege Crossbow","exceptional"],["8rx","Chu-Ko-Nu","exceptional"],["8s8","Short Siege Bow","exceptional"],["8sb","Edge Bow","exceptional"],["8ss","Jo Staff","exceptional"],["8sw","Rune Bow","exceptional"],["8ws","Rune Staff","exceptional"],["9b7","Lochaber Axe","exceptional"],["9br","War Fork","exceptional"],["9gl","Spiculum","exceptional"],["9h9","Bec-de-Corbin","exceptional"],["9p9","Lance","exceptional"],["9pa","Partizan","exceptional"],["9s8","Battle Scythe","exceptional"],["9sr","War Spear","exceptional"],["9st","Yari","exceptional"],["9tr","Fuscina","exceptional"],["9ts","Harpoon","exceptional"],["9vo","Bill","exceptional"],["9wc","Grim Scythe","exceptional"],["am1","Stag Bow","normal"],["am2","Reflex Bow","normal"],["am3","Maiden Spear","normal"],["am4","Maiden Pike","normal"],["am6","Ashwood Bow","exceptional"],["am7","Ceremonial Bow","exceptional"],["am8","Ceremonial Spear","exceptional"],["am9","Ceremonial Pike","exceptional"],["amb","Matriarchal Bow","elite"],["amc","Grand Matron Bow","elite"],["amd","Matriarchal Spear","elite"],["ame","Matriarchal Pike","elite"],["bar","Bardiche","normal"],["brn","Brandistock","normal"],["bst","Battle Staff","normal"],["cbw","Composite Bow","normal"],["cst","Gnarled Staff","normal"],["glv","Glaive","normal"],["hal","Halberd","normal"],["hbw","Hunter's Bow","normal"],["hst","Horadric Staff","normal"],["hxb","Heavy Crossbow","normal"],["lbb","Long Battle Bow","normal"],["lbw","Long Bow","normal"],["lst","Long Staff","normal"],["lwb","Long War Bow","normal"],["lxb","Light Crossbow","normal"],["msf","Shaft of the Horadric Staff","normal"],["mxb","Crossbow","normal"],["pax","Poleaxe","normal"],["pik","Pike","normal"],["rxb","Repeating Crossbow","normal"],["sbb","Short Battle Bow","normal"],["sbw","Short Bow","normal"],["scy","Scythe","normal"],["spr","Spear","normal"],["spt","Spetum","normal"],["swb","Short War Bow","normal"],["tri","Trident","normal"],["tsp","Throwing Spear","normal"],["vou","Voulge","normal"],["wsc","War Scythe","normal"],["wst","War Staff","normal"]]
RW	Rapture	Rapture	weapon	6	Vex Jah Lo Ral Ko Mal	WEAPON	Hammer	["EDAM","STAT119"]	[[["EDAM",240,280]],[["IAS",20,20]],[["STAT141",20,20]],[["MULTI198,5859",1,1]],[["CRES",40,60]],[["GFIND",80,120]],[["MULTI198,15022",1,1]]]	["+[240-280]% Enhanced Damage","+20% Increased Attack Speed","+20% Chance of Deadly Strike","47% Chance to cast level 35 Lower Resist on striking","Cold Resist +[40-60]%","[80-120]% Extra Gold from Monsters","14% Chance to cast level 46 Fissure on striking"]	[[["STAT62",7,7]],[["STAT115",1,1]],[["STAT141",20,20]],[["STAT49",30,30],["STAT48",5,5]],[["DEX",10,10]],[["STAT117",1,1]]]	["Vex: 7% Mana stolen per hit","Jah: Ignore Target's Defense","Lo: +20% Chance of Deadly Strike","Ral: Adds 5-30 Fire Damage","Ko: +10 to Dexterity","Mal: Prevent Monster Heal"]	{}	[["7gm","Thunder Maul","elite"],["7m7","Ogre Maul","elite"],["9gm","Martel de Fer","exceptional"],["9m9","War Club","exceptional"],["gma","Great Maul","normal"],["mau","Maul","normal"]]
RW	Epiphany	Epiphany	shield	4	Lo Ith Lo Ist	SHIELD	Any Shield	["AR","CRES","EDAM","EDEF","FRES","LRES","PRES","RES"]	[[["STAT507",18,18]],[["ALLATTRIB",10,15],["STR",10,15],["STAT1",10,15],["DEX",10,15],["STAT3",10,15]],[["FCR",20,20]],[["MULTI201,2715",1,1]],[["STAT77",28,35]],[["PRES",40,55]],[["STAT51",750,750],["STAT50",1,1]]]	["es-efficiency-and-es-when-equip 18","+[10-15] to all Attributes","+20% Faster Cast Rate","25% Chance to cast level 27 Static Field when struck","Increase Maximum Mana [28-35]%","Poison Resist +[40-55]%","Adds 1-750 Lightning Damage"]	[[["STAT42",4,4]],[["DTM",15,15]],[["STAT42",4,4]],[["MFIND",30,30]]]	["Lo: +4% to Maximum Lightning Resist","Ith: 15% Damage Taken Gained as Mana when Hit","Lo: +4% to Maximum Lightning Resist","Ist: 30% Better Chance of Getting Magic Items"]	{}	[["pa1","Targe","normal"],["pa2","Rondache","normal"],["pa3","Heraldic Shield","normal"],["pa4","Aerin Shield","normal"],["pa5","Crown Shield","normal"],["pa6","Akaran Targe","exceptional"],["pa7","Akaran Rondache","exceptional"],["pa8","Protector Shield","exceptional"],["pa9","Gilded Shield","exceptional"],["paa","Royal Shield","exceptional"],["pab","Sacred Targe","elite"],["pac","Sacred Rondache","elite"],["pad","Kurast Shield","elite"],["pae","Zakarum Shield","elite"],["paf","Vortex Shield","elite"],["uit","Monarch","elite"],["uow","Aegis","elite"],["uts","Ward","elite"]]
RW	Loyalty	Loyalty Bow	weapon	3	Pul Tir Dol	WEAPON	Missile Weapon	["EDAM","STAT119","TABSK0"]	[[["EDAM",200,245]],[["SK26",2,3]],[["SK28",2,3]],[["FCR",60,60]],[["STAT156",20,20]],[["TABSK1",2,2]],[["STAT138",2,2]]]	["+[200-245]% Enhanced Damage","+[2-3] to Strafe (Amazon Only)","+[2-3] to Decoy (Amazon Only)","+60% Faster Cast Rate","+20% Chance to Pierce","+2 to Passive and Magic Skills (Amazon Only)","+2 to Mana after each Kill"]	[[["STAT123",100,100]],[["STAT121",75,75]],[["STAT138",2,2]],[["EDAM",20,20]]]	["Pul: +100 to Attack Rating against Demons","Pul: +75% Damage to Demons","Tir: +2 to Mana after each Kill","Dol: +20% Enhanced Damage"]	{}	[["6cb","Great Bow","elite"],["6hb","Blade Bow","elite"],["6hx","Colossus Crossbow","elite"],["6l7","Crusader Bow","elite"],["6lb","Shadow Bow","elite"],["6lw","Hydra Bow","elite"],["6lx","Pellet Bow","elite"],["6mx","Gorgon Crossbow","elite"],["6rx","Demon Crossbow","elite"],["6s7","Diamond Bow","elite"],["6sb","Spider Bow","elite"],["6sw","Ward Bow","elite"],["8cb","Double Bow","exceptional"],["8hb","Razor Bow","exceptional"],["8hx","Ballista","exceptional"],["8l8","Large Siege Bow","exceptional"],["8lb","Cedar Bow","exceptional"],["8lw","Gothic Bow","exceptional"],["8lx","Arbalest","exceptional"],["8mx","Siege Crossbow","exceptional"],["8rx","Chu-Ko-Nu","exceptional"],["8s8","Short Siege Bow","exceptional"],["8sb","Edge Bow","exceptional"],["8sw","Rune Bow","exceptional"],["am1","Stag Bow","normal"],["am2","Reflex Bow","normal"],["am6","Ashwood Bow","exceptional"],["am7","Ceremonial Bow","exceptional"],["amb","Matriarchal Bow","elite"],["amc","Grand Matron Bow","elite"],["cbw","Composite Bow","normal"],["hbw","Hunter's Bow","normal"],["hxb","Heavy Crossbow","normal"],["lbb","Long Battle Bow","normal"],["lbw","Long Bow","normal"],["lwb","Long War Bow","normal"],["lxb","Light Crossbow","normal"],["mxb","Crossbow","normal"],["rxb","Repeating Crossbow","normal"],["sbb","Short Battle Bow","normal"],["sbw","Short Bow","normal"],["swb","Short War Bow","normal"]]
RW	Wind	Wind Throwable	weapon	2	Sur El	WEAPON	Thrown Weapon	["EDAM","SK*","STAT119","STAT256","TABSK2"]	[[["EDAM",220,280]],[["IAS",40,40]],[["FRW",20,30]],[["STAT116",50,50]],[["MULTI198,15715",1,1]],[["MULTI198,15395",1,1]],[["MULTI201,15049",1,1]]]	["+[220-280]% Enhanced Damage","+40% Increased Attack Speed","+[20-30]% Faster Run/Walk","-50% Target Defense","18% Chance to cast level 35 Tornado on striking","18% Chance to cast level 35 Twister on striking","5% Chance to cast level 9 Cyclone Armor when struck"]	[[["STAT86",4,4]],[["STAT89",1,1]],[["AR",50,50]]]	["Sur: +4 Life after each Kill","El: +1 to Light Radius","El: +50 to Attack Rating"]	{}	[["7b8","Winged Axe","elite"],["7bk","Winged Knife","elite"],["7gl","Ghost Glaive","elite"],["7ja","Hyperion Javelin","elite"],["7pi","Stygian Pilum","elite"],["7s7","Balrog Spear","elite"],["7ta","Flying Axe","elite"],["7tk","Flying Knife","elite"],["7ts","Winged Harpoon","elite"],["9b8","Hurlbat","exceptional"],["9bk","War Dart","exceptional"],["9gl","Spiculum","exceptional"],["9ja","War Javelin","exceptional"],["9pi","Great Pilum","exceptional"],["9s9","Simbilan","exceptional"],["9ta","Francisca","exceptional"],["9tk","Battle Dart","exceptional"],["9ts","Harpoon","exceptional"],["am5","Maiden Javelin","normal"],["ama","Ceremonial Javelin","exceptional"],["amf","Matriarchal Javelin","elite"],["bal","Balanced Axe","normal"],["bkf","Balanced Knife","normal"],["glv","Glaive","normal"],["pil","Pilum","normal"],["ssp","Short Spear","normal"],["tsp","Throwing Spear","normal"]]
RW	Ancient's Scripture	Ancient's Scripture	armor	2	Tal Ort	QUIVER	Missile	["EDEF","MAXDMG","STAT425"]	[[["EDAM",10,20]],[["PRES",5,15]],[["LRES",5,15]],[["LIFE",20,20]],[["STAT28",20,20]]]	["+[10-20]% Enhanced Damage","Poison Resist +[5-15]%","Lightning Resist +[5-15]%","+20 to Life","Heal Stamina Plus 20%"]	[[["PRES",30,30]],[["LRES",30,30]]]	["Tal: Poison Resist +30%","Ort: Lightning Resist +30%"]	{}	[["aqv2","Sharp Arrows","exceptional"],["aqv3","Razor Arrows","elite"],["cqv2","Heavy Bolts","exceptional"],["cqv3","War Bolts","elite"]]
RW	Ancient's Foresight	Ancient's Foresight	armor	2	Ral Thul	QUIVER	Missile	["EDEF","MAXDMG","STAT425"]	[[["EDAM",10,20]],[["CRES",5,15]],[["FRES",5,15]],[["MANA",20,20]],[["STAT27",20,20]]]	["+[10-20]% Enhanced Damage","Cold Resist +[5-15]%","Fire Resist +[5-15]%","+20 to Mana","Regenerate Mana 20%"]	[[["FRES",30,30]],[["CRES",30,30]]]	["Ral: Fire Resist +30%","Thul: Cold Resist +30%"]	{}	[["aqv2","Sharp Arrows","exceptional"],["aqv3","Razor Arrows","elite"],["cqv2","Heavy Bolts","exceptional"],["cqv3","War Bolts","elite"]]
RW	Echo	Echo Weapon	weapon	2	Sol Dol	WEAPON	Thrown Weapon, Javelin	["EDAM","SK*","STAT119","STAT256","TABSK2"]	[[["EDAM",40,60]],[["STAT156",20,30]],[["STAT86",2,2]],[["STAT119",50,50]]]	["+[40-60]% Enhanced Damage","+[20-30]% Chance to Pierce","+2 Life after each Kill","50% Bonus to Attack Rating"]	[[["MINDMG",9,9]],[["EDAM",20,20]]]	["Sol: +9 to Minimum Damage","Dol: +20% Enhanced Damage"]	{}	[["7b8","Winged Axe","elite"],["7bk","Winged Knife","elite"],["7gl","Ghost Glaive","elite"],["7ja","Hyperion Javelin","elite"],["7pi","Stygian Pilum","elite"],["7s7","Balrog Spear","elite"],["7ta","Flying Axe","elite"],["7tk","Flying Knife","elite"],["7ts","Winged Harpoon","elite"],["9b8","Hurlbat","exceptional"],["9bk","War Dart","exceptional"],["9gl","Spiculum","exceptional"],["9ja","War Javelin","exceptional"],["9pi","Great Pilum","exceptional"],["9s9","Simbilan","exceptional"],["9ta","Francisca","exceptional"],["9tk","Battle Dart","exceptional"],["9ts","Harpoon","exceptional"],["am5","Maiden Javelin","normal"],["ama","Ceremonial Javelin","exceptional"],["amf","Matriarchal Javelin","elite"],["bal","Balanced Axe","normal"],["bkf","Balanced Knife","normal"],["glv","Glaive","normal"],["pil","Pilum","normal"],["ssp","Short Spear","normal"],["tsp","Throwing Spear","normal"]]
RW	Echo	Echo Quiver	armor	2	Sol Dol	QUIVER	Missile	["EDEF","MAXDMG","STAT425"]	[[["EDAM",20,30]],[["STAT156",20,30]],[["STAT86",2,2]],[["STAT119",50,50]]]	["+[20-30]% Enhanced Damage","+[20-30]% Chance to Pierce","+2 Life after each Kill","50% Bonus to Attack Rating"]	[[["STAT34",7,7]],[["STAT74",20,20]]]	["Sol: Physical Damage Taken Reduced by 7","Dol: Replenish Life +20"]	{}	[["aqv2","Sharp Arrows","exceptional"],["aqv3","Razor Arrows","elite"],["cqv2","Heavy Bolts","exceptional"],["cqv3","War Bolts","elite"]]
